aX,aY,aZ,gX,gY,gZ
-0.559,-1.366,1.515,151.001,125.244,439.758
-0.841,-1.387,1.644,162.476,100.464,454.651
-1.210,-1.484,1.741,164.673,75.378,461.365
-1.471,-1.509,1.851,161.377,51.392,456.055
-1.660,-1.417,1.873,151.367,35.034,438.782
-1.806,-1.386,1.901,133.972,26.672,408.875
-1.890,-1.315,1.865,109.009,27.771,366.211
-2.226,-1.446,1.682,82.153,31.616,314.453
-2.585,-1.602,1.586,69.885,27.466,254.089
-2.693,-1.515,1.560,62.744,15.320,191.162
-2.549,-1.347,1.512,52.795,5.432,124.329
-2.305,-1.282,1.397,43.457,4.456,60.242
-2.060,-1.379,1.198,36.438,7.324,10.132
-1.826,-1.477,0.973,33.997,8.362,-20.752
-1.670,-1.496,0.810,40.771,4.028,-36.804
-1.531,-1.448,0.770,56.030,-1.465,-43.640
-1.356,-1.319,0.780,69.153,-4.028,-46.448
-1.512,-0.994,1.016,76.843,1.648,-49.500
-1.066,-1.339,0.633,79.468,21.179,-63.538
-1.465,-1.365,0.495,87.524,10.193,-62.988
-2.008,-1.470,0.492,108.032,-10.071,-69.153
-2.272,-1.512,0.751,139.404,-37.598,-95.337
-2.274,-1.353,1.042,166.138,-72.266,-134.460
-2.217,-1.254,1.321,182.861,-107.788,-173.157
-2.053,-1.125,1.610,192.383,-141.785,-213.135
-1.858,-0.939,1.833,191.772,-169.495,-247.375
-1.663,-0.641,2.006,179.932,-182.983,-276.245
-1.545,-0.231,2.086,158.447,-172.241,-312.988
-1.433,0.067,2.024,124.634,-126.892,-370.300
-1.151,0.157,1.822,83.374,-61.401,-446.716
-0.805,0.092,1.625,43.518,-13.672,-519.714
-0.466,0.007,1.506,14.160,-10.803,-564.819
-0.053,0.014,1.475,0.671,-36.926,-580.994
0.567,0.086,1.474,-0.916,-70.984,-576.721
1.095,0.220,1.473,3.357,-121.948,-549.744
1.326,0.450,1.522,7.263,-181.702,-499.207
1.395,0.663,1.515,8.118,-215.088,-445.068
1.486,0.805,1.357,5.737,-207.214,-405.090
1.629,0.857,1.121,0.610,-177.246,-379.272
1.700,0.873,0.858,-7.385,-149.841,-357.666
1.689,0.880,0.582,-16.724,-128.357,-328.186
1.648,0.906,0.334,-24.658,-102.905,-291.748
1.598,0.928,0.131,-28.381,-73.120,-251.770
1.513,0.933,0.001,-23.621,-48.401,-213.257
1.434,0.884,-0.084,-9.277,-34.119,-173.157
1.335,0.795,-0.065,2.930,-35.156,-124.390
1.148,0.801,-0.001,-0.488,-49.316,-64.209
0.849,0.813,0.071,-9.888,-61.829,-14.038
0.594,0.826,0.157,-12.817,-51.575,4.272
0.446,0.800,0.162,-19.836,-18.982,3.906
0.322,0.729,0.072,-29.968,17.212,-1.465
0.241,0.619,-0.015,-29.480,45.532,-14.038
0.112,0.541,-0.071,-14.343,51.208,-25.574
-0.085,0.514,-0.056,4.333,41.016,-26.855
-0.224,0.516,0.045,16.968,28.381,-18.494
-0.313,0.566,0.135,25.085,11.230,3.052
-0.356,0.657,0.269,24.475,-6.531,32.410
-0.435,0.774,0.415,22.705,-26.245,53.955
-0.512,0.855,0.551,21.118,-40.833,62.317
-0.556,0.888,0.615,15.076,-45.227,60.120
-0.574,0.884,0.608,6.042,-40.161,49.988
-0.583,0.843,0.567,-3.296,-29.175,34.851
-0.570,0.800,0.521,-10.986,-15.015,17.456
-0.558,0.769,0.450,-17.029,0.305,1.831
-0.566,0.712,0.387,-19.287,14.099,-10.071
-0.563,0.687,0.372,-17.090,21.484,-17.578
-0.568,0.691,0.393,-13.611,22.644,-19.104
-0.563,0.716,0.422,-10.376,19.470,-17.273
-0.528,0.743,0.464,-7.446,14.465,-14.587
-0.480,0.782,0.497,-6.470,9.888,-10.498
-0.452,0.804,0.519,-8.789,5.615,-5.554
-0.429,0.822,0.528,-12.573,3.967,-1.892
-0.427,0.817,0.517,-16.113,4.822,1.160
-0.453,0.782,0.490,-18.433,6.653,3.113
-0.467,0.749,0.460,-19.287,8.240,3.174
-0.471,0.720,0.429,-17.761,8.667,2.625
-0.472,0.699,0.404,-14.526,8.423,2.258
-0.464,0.693,0.393,-10.986,7.629,1.831
-0.445,0.698,0.388,-8.362,6.104,1.587
-0.420,0.709,0.391,-7.019,5.005,2.014
-0.409,0.722,0.394,-6.348,5.981,2.380
-0.413,0.731,0.399,-6.470,8.423,2.014
-0.428,0.734,0.403,-7.080,12.024,0.916
-0.450,0.729,0.399,-8.179,15.076,0.244
-0.486,0.719,0.390,-8.972,15.625,0.305
-0.509,0.714,0.395,-8.118,12.756,-0.122
-0.503,0.726,0.400,-5.920,7.507,0.061
-0.499,0.745,0.407,-3.601,2.075,1.099
-0.480,0.762,0.420,-0.916,-2.502,1.892
-0.452,0.781,0.431,1.099,-5.310,2.380
-0.428,0.807,0.440,0.854,-6.042,2.258
-0.411,0.820,0.442,-0.488,-3.723,1.343
-0.407,0.815,0.438,-1.892,0.549,-0.732
-0.417,0.800,0.435,-2.991,5.127,-3.174
-0.419,0.798,0.434,-4.395,9.338,-5.981
-0.425,0.801,0.437,-6.409,12.939,-8.484
-0.436,0.797,0.430,-9.277,16.174,-11.414
-0.441,0.794,0.417,-11.353,19.470,-15.930
-0.429,0.790,0.402,-11.841,23.621,-21.973
-0.410,0.789,0.388,-11.597,28.992,-27.771
-0.396,0.768,0.367,-12.024,34.668,-31.982
-0.376,0.773,0.344,-10.864,41.565,-34.363
-0.384,0.800,0.349,-10.864,49.683,-34.241
-0.367,0.805,0.369,-13.000,56.519,-35.339
-0.306,0.785,0.389,-15.991,57.983,-34.302
-0.284,0.802,0.318,-17.456,49.194,-28.442
-0.264,0.801,0.339,-15.137,47.241,-19.165
-0.279,0.792,0.350,-11.902,43.762,-11.475
-0.303,0.798,0.339,-6.409,36.438,-6.653
-0.323,0.758,0.390,-2.563,29.785,-4.456
-0.379,0.807,0.339,-0.305,18.555,-5.310
-0.353,0.773,0.441,2.319,18.127,-5.676
-0.345,0.823,0.437,0.061,20.935,-9.216
-0.336,0.838,0.427,-1.709,24.475,-14.587
-0.350,0.821,0.415,-4.578,30.151,-22.217
-0.383,0.809,0.386,-6.042,34.851,-32.776
-0.360,0.793,0.406,-3.235,38.940,-41.138
-0.333,0.833,0.394,-1.404,39.307,-42.542
-0.309,0.845,0.422,0.183,36.987,-39.001
-0.949,-0.710,1.102,58.899,140.503,229.675
-1.051,-0.814,1.086,69.031,143.799,225.708
-1.208,-0.904,1.036,78.491,140.320,220.764
-1.240,-0.869,1.055,89.294,125.854,214.355
-1.287,-0.792,1.170,96.008,103.699,206.726
-1.451,-0.779,1.235,96.558,82.336,198.547
-1.621,-0.774,1.244,94.421,64.148,184.631
-1.806,-0.772,1.209,92.529,48.950,162.537
-2.034,-0.764,1.134,92.163,35.278,132.568
-2.203,-0.697,1.099,94.849,19.287,92.529
-2.251,-0.656,1.118,95.642,5.432,44.128
-2.186,-0.714,1.143,91.919,-0.061,-3.540
-2.097,-0.784,1.149,88.501,-3.662,-42.542
-1.999,-0.827,1.153,88.318,-12.695,-71.533
-1.945,-0.857,1.141,89.172,-26.367,-92.468
-2.063,-0.869,1.086,91.370,-44.312,-107.849
-2.115,-0.895,1.024,97.351,-63.049,-127.197
-2.065,-0.870,1.003,108.521,-86.670,-147.949
-1.962,-0.818,1.020,117.188,-110.840,-164.551
-1.809,-0.737,1.048,121.216,-126.587,-177.368
-1.721,-0.662,1.076,119.080,-134.949,-188.477
-1.704,-0.549,1.111,113.159,-136.597,-205.261
-1.652,-0.399,1.152,107.727,-132.080,-231.628
-1.557,-0.270,1.259,98.633,-121.765,-264.038
-1.402,-0.155,1.290,78.674,-93.079,-298.584
-1.235,-0.096,1.302,56.335,-55.115,-343.384
-1.108,-0.047,1.263,33.081,-19.043,-390.686
-0.924,-0.041,1.150,13.245,16.418,-437.134
-0.703,-0.053,1.001,0.122,38.208,-475.525
-0.452,-0.066,0.841,-6.287,37.231,-497.925
-0.126,-0.065,0.706,-7.690,14.771,-499.023
0.269,-0.032,0.603,-5.798,-27.100,-474.670
0.575,0.050,0.553,-5.066,-82.520,-428.650
0.726,0.204,0.587,-6.592,-138.428,-371.643
0.702,0.393,0.676,-7.324,-174.988,-316.833
0.629,0.567,0.755,-8.545,-179.993,-281.128
0.528,0.611,0.780,-8.911,-157.593,-266.541
0.508,0.631,0.755,-9.094,-118.774,-271.667
0.571,0.641,0.704,-12.512,-71.655,-284.790
0.643,0.589,0.585,-20.996,-25.269,-295.715
0.758,0.549,0.455,-23.621,5.310,-298.279
0.929,0.534,0.362,-22.095,15.137,-287.231
1.055,0.579,0.324,-20.264,4.272,-260.071
1.097,0.627,0.351,-21.301,-15.198,-218.628
1.089,0.691,0.363,-24.475,-24.170,-173.157
0.998,0.739,0.339,-25.391,-20.813,-135.559
0.846,0.744,0.302,-21.851,-10.681,-114.197
0.701,0.732,0.282,-13.855,1.648,-107.300
0.526,0.697,0.307,-5.310,13.733,-105.225
0.378,0.704,0.357,-0.977,26.855,-104.492
0.355,0.708,0.375,1.160,37.720,-101.257
0.437,0.697,0.349,4.822,34.241,-88.623
0.535,0.702,0.374,10.254,12.146,-64.392
0.562,0.754,0.456,12.329,-19.836,-31.616
0.460,0.812,0.512,9.583,-50.415,4.578
0.343,0.833,0.516,4.944,-67.810,35.645
0.206,0.844,0.495,0.977,-73.486,57.861
0.046,0.825,0.480,-0.122,-70.190,65.552
-0.077,0.830,0.477,1.343,-56.824,59.937
-0.149,0.833,0.484,3.723,-39.307,48.096
-0.244,0.816,0.482,4.333,-24.536,38.147
-0.366,0.799,0.476,4.456,-15.930,29.236
-0.423,0.818,0.492,6.836,-13.489,18.921
-0.404,0.837,0.522,8.423,-12.573,9.705
-0.362,0.845,0.558,6.775,-10.864,5.554
-0.326,0.862,0.576,1.953,-9.094,6.531
-0.335,0.875,0.575,-2.991,-9.155,9.460
-0.349,0.866,0.559,-6.897,-9.094,11.108
-0.352,0.838,0.511,-10.742,-6.409,12.390
-0.379,0.802,0.442,-13.855,-2.319,12.695
-0.401,0.771,0.385,-13.489,1.160,10.010
-0.399,0.755,0.366,-9.766,3.418,5.676
-0.438,0.740,0.356,-5.920,5.005,1.892
-0.487,0.732,0.354,-2.563,5.737,-2.258
-0.471,0.744,0.390,1.892,3.845,-7.690
-0.427,0.772,0.436,4.578,0.610,-11.963
-0.395,0.799,0.469,3.540,-2.625,-12.756
-0.379,0.812,0.488,1.343,-3.723,-12.085
-0.364,0.817,0.474,-0.793,-3.113,-12.207
-0.322,0.810,0.449,-2.197,-2.808,-12.878
-0.259,0.796,0.419,-2.258,-3.174,-11.902
-0.194,0.794,0.404,-0.549,-4.211,-8.362
-0.159,0.804,0.408,1.404,-5.066,-3.174
-0.150,0.804,0.421,2.991,-4.639,2.136
-0.167,0.792,0.430,5.066,-2.563,6.042
-0.210,0.776,0.441,8.057,-0.671,7.446
-0.272,0.783,0.459,10.742,-1.709,6.897
-0.283,0.805,0.499,12.573,-5.310,5.127
-0.260,0.822,0.532,12.085,-8.240,4.517
-0.252,0.841,0.541,9.399,-8.606,5.066
-0.269,0.849,0.542,7.751,-6.592,4.456
-0.296,0.840,0.539,6.348,-3.479,2.380
-0.295,0.835,0.529,4.028,-0.977,0.793
-0.272,0.834,0.521,2.014,0.732,0.366
-0.257,0.832,0.512,1.099,2.075,0.122
-0.269,0.820,0.500,0.305,3.479,-0.244
-0.273,0.800,0.481,-0.244,4.883,-1.099
-0.263,0.785,0.463,-0.183,5.371,-2.136
-0.250,0.778,0.452,0.793,4.211,-2.319
-0.232,0.783,0.455,1.953,1.831,-1.526
-0.216,0.798,0.461,2.319,0.183,0.549
-0.221,0.806,0.469,2.197,-0.610,3.601
-0.240,0.809,0.475,1.526,-1.526,6.348
-0.261,0.815,0.480,0.732,-1.892,7.874
-0.269,0.828,0.490,0.854,-1.831,8.118
-0.274,0.832,0.490,0.000,-0.244,7.446
-0.286,0.820,0.489,-1.038,1.587,6.104
-0.307,0.816,0.487,-1.404,3.357,4.517
-0.321,0.809,0.478,-1.709,4.761,2.563
-0.314,0.802,0.468,-1.770,5.249,0.366
-0.297,0.802,0.468,-0.854,3.784,-0.610
-0.285,0.808,0.466,-0.854,1.709,-0.366
-0.282,0.806,0.466,-1.648,1.465,-0.122
-0.271,0.800,0.454,-1.221,3.174,0.000
-0.256,0.804,0.445,0.122,5.127,0.366
-0.238,0.811,0.454,1.221,5.554,1.404
-0.234,0.821,0.477,1.648,5.493,2.747
-0.255,0.819,0.501,1.648,6.897,3.601
-0.246,0.841,0.526,2.197,8.850,2.563
-0.892,-0.932,1.194,149.353,70.129,308.594
-1.032,-0.898,1.375,146.423,73.120,310.059
-1.123,-0.847,1.522,136.414,81.604,304.504
-1.224,-0.832,1.601,121.460,99.121,295.715
-1.294,-0.879,1.594,103.088,124.451,285.706
-1.387,-1.026,1.473,83.923,152.527,276.978
-1.767,-1.238,1.196,70.496,172.668,270.081
-2.239,-1.301,1.023,75.623,161.194,254.333
-2.565,-1.290,1.014,96.497,121.460,223.389
-2.567,-1.165,1.063,120.361,72.083,187.500
-2.514,-1.218,1.124,142.578,11.597,163.391
-2.673,-1.120,1.388,159.241,-72.083,152.710
-2.835,-1.016,1.508,154.907,-118.958,147.278
-2.999,-0.898,1.540,145.020,-148.621,128.113
-3.118,-0.855,1.521,130.432,-165.405,88.989
-3.199,-0.853,1.427,112.671,-164.246,31.250
-3.167,-0.862,1.319,102.051,-144.775,-37.842
-3.050,-0.875,1.281,95.398,-116.089,-109.131
-2.801,-0.869,1.285,87.341,-80.811,-179.382
-2.575,-0.850,1.293,74.768,-49.255,-246.338
-2.460,-0.813,1.305,61.157,-27.710,-307.007
-2.292,-0.769,1.360,48.462,-15.503,-363.770
-2.014,-0.751,1.478,33.508,-11.230,-415.222
-1.709,-0.645,1.558,11.475,-13.550,-457.886
-1.330,-0.600,1.611,-14.343,-16.907,-491.943
-0.937,-0.539,1.558,-39.185,-23.499,-515.808
-0.581,-0.537,1.422,-61.096,-31.372,-527.100
-0.234,-0.525,1.244,-75.073,-44.006,-528.748
0.159,-0.497,1.050,-77.148,-64.087,-517.151
0.551,-0.452,0.823,-69.214,-96.375,-485.840
0.876,-0.312,0.626,-57.556,-142.639,-433.655
1.010,-0.105,0.525,-47.119,-197.388,-372.864
0.981,0.082,0.523,-36.316,-244.080,-314.697
0.875,0.239,0.539,-23.865,-268.433,-267.151
0.799,0.359,0.564,-12.329,-267.273,-234.070
0.718,0.471,0.580,-3.906,-242.798,-217.102
0.674,0.539,0.577,0.305,-198.730,-215.149
0.697,0.613,0.564,1.770,-148.926,-219.604
0.821,0.636,0.502,5.432,-107.056,-224.121
0.990,0.628,0.453,11.230,-82.825,-219.971
1.135,0.674,0.418,11.963,-72.754,-203.369
1.198,0.743,0.400,8.972,-71.777,-173.218
1.167,0.802,0.400,5.737,-70.496,-139.709
1.079,0.823,0.393,5.310,-62.988,-110.779
0.944,0.825,0.388,8.850,-54.199,-86.060
0.717,0.822,0.392,14.221,-49.133,-64.819
0.483,0.831,0.419,19.775,-42.603,-51.941
0.341,0.855,0.429,22.888,-34.546,-44.006
0.255,0.851,0.433,22.217,-29.419,-37.292
0.200,0.854,0.422,19.836,-26.917,-29.724
0.218,0.875,0.409,17.578,-27.466,-20.325
0.209,0.863,0.428,14.648,-28.442,-12.451
0.154,0.889,0.453,11.047,-25.940,-4.456
0.037,0.898,0.437,5.493,-19.836,3.052
-0.057,0.880,0.388,-0.427,-11.780,6.958
-0.102,0.887,0.357,-4.150,-4.700,7.446
-0.149,0.884,0.328,-6.104,2.686,5.859
-0.243,0.826,0.271,-7.507,10.132,3.784
-0.316,0.801,0.230,-6.226,11.230,2.258
-0.345,0.805,0.260,-2.502,3.296,2.075
-0.341,0.839,0.312,-0.427,-6.958,4.883
-0.328,0.864,0.351,-0.488,-13.672,9.399
-0.327,0.879,0.370,-2.502,-14.587,12.390
-0.355,0.891,0.374,-4.456,-11.780,13.733
-0.378,0.878,0.358,-7.080,-7.141,14.160
-0.394,0.854,0.327,-9.705,-2.441,13.855
-0.399,0.834,0.307,-10.315,2.075,12.512
-0.419,0.821,0.295,-9.216,6.653,10.498
-0.428,0.816,0.290,-7.019,11.047,7.446
-0.460,0.782,0.283,-4.517,14.771,3.967
-0.513,0.761,0.263,-1.526,15.686,0.732
-0.516,0.771,0.276,3.296,9.766,-2.014
-0.471,0.786,0.335,6.531,-0.061,-1.831
-0.443,0.829,0.395,5.005,-7.690,1.404
-0.451,0.858,0.427,1.892,-10.071,2.563
-0.445,0.853,0.423,0.183,-7.263,0.061
-0.422,0.834,0.396,-1.892,-3.479,-2.563
-0.391,0.826,0.359,-4.333,0.305,-3.235
-0.377,0.808,0.329,-4.944,4.028,-3.784
-0.364,0.798,0.308,-3.723,7.324,-4.700
-0.354,0.795,0.308,-1.404,7.446,-4.028
-0.395,0.788,0.314,0.488,3.662,-0.671
-0.415,0.803,0.332,2.319,-2.625,2.930
-0.414,0.824,0.367,4.211,-8.240,5.127
-0.407,0.844,0.400,3.235,-10.559,6.592
-0.420,0.854,0.407,0.305,-9.705,6.042
-0.404,0.849,0.384,-0.916,-5.310,2.441
-0.389,0.835,0.374,-1.160,-0.916,-1.465
-0.402,0.834,0.362,-2.136,2.075,-3.174
-0.391,0.832,0.348,-2.380,3.052,-4.089
-0.360,0.833,0.347,-2.197,2.014,-4.150
-0.331,0.832,0.343,-2.625,1.587,-2.686
-0.334,0.828,0.330,-3.113,3.357,-1.770
-0.346,0.819,0.310,-2.258,5.737,-2.625
-0.339,0.814,0.303,-0.977,5.493,-3.418
-0.328,0.817,0.310,0.244,4.089,-2.930
-0.317,0.823,0.317,1.038,3.723,-2.075
-0.317,0.834,0.321,2.014,5.127,-2.319
-0.308,0.837,0.319,2.808,8.057,-2.502
-0.289,0.828,0.318,2.441,10.315,-2.136
-0.281,0.828,0.321,2.197,11.902,-1.099
-0.295,0.836,0.326,2.502,13.489,-0.122
-0.319,0.838,0.334,2.747,14.709,0.244
-0.326,0.840,0.347,2.441,14.465,0.488
-0.323,0.854,0.368,2.197,13.489,1.221
-0.324,0.869,0.381,1.343,13.367,1.404
-0.330,0.876,0.380,0.183,15.198,0.488
-0.337,0.876,0.369,-0.427,18.555,-1.404
-0.339,0.870,0.359,-1.221,22.034,-3.479
-0.325,0.869,0.353,-1.282,23.987,-5.493
-0.293,0.882,0.353,-0.610,24.170,-6.531
-0.263,0.902,0.353,-0.244,23.621,-6.042
-0.259,0.911,0.351,-0.854,23.621,-4.944
-0.262,0.913,0.350,-1.465,24.475,-4.272
-0.250,0.921,0.351,-1.831,25.696,-3.967
-0.233,0.928,0.353,-2.014,27.222,-4.028
-0.224,0.932,0.355,-2.563,29.480,-4.272
-0.213,0.941,0.358,-3.296,32.593,-4.700
-0.200,0.947,0.370,-4.150,36.316,-5.310
-1.013,-0.662,1.436,87.524,144.104,320.007
-1.328,-0.725,1.341,95.215,128.174,323.914
-1.574,-0.740,1.344,110.474,95.825,321.228
-1.741,-0.745,1.378,121.948,61.035,316.711
-1.833,-0.751,1.456,127.014,31.067,309.937
-1.875,-0.750,1.416,127.014,6.287,299.072
-2.180,-0.715,1.564,124.939,-29.114,282.104
-2.364,-0.722,1.542,110.962,-34.668,259.155
-2.485,-0.712,1.516,101.013,-30.212,221.252
-2.559,-0.720,1.491,92.773,-17.883,169.983
-2.638,-0.752,1.417,83.496,-2.747,112.366
-2.690,-0.830,1.291,75.256,7.751,53.528
-2.705,-0.877,1.164,71.167,5.798,-0.854
-2.623,-0.872,1.090,70.313,-4.089,-50.415
-2.490,-0.879,1.089,69.458,-19.165,-94.116
-2.393,-0.904,1.104,65.002,-34.668,-128.723
-2.250,-0.909,1.106,60.303,-43.945,-160.278
-2.082,-0.890,1.104,59.509,-49.377,-189.453
-1.955,-0.877,1.089,57.556,-54.260,-213.684
-1.893,-0.865,1.022,55.847,-58.167,-234.253
-1.823,-0.825,0.953,57.434,-64.697,-254.028
-1.748,-0.759,0.955,60.364,-80.200,-273.437
-1.705,-0.664,1.008,59.814,-102.356,-291.382
-1.631,-0.544,1.128,55.908,-123.901,-312.256
-1.530,-0.402,1.255,47.119,-141.479,-334.106
-1.329,-0.309,1.344,35.767,-141.541,-360.229
-1.096,-0.249,1.380,21.545,-131.226,-387.573
-0.856,-0.237,1.304,2.808,-113.220,-410.095
-0.573,-0.230,1.162,-12.207,-94.788,-427.673
-0.245,-0.207,0.965,-18.921,-85.938,-434.753
0.130,-0.195,0.775,-17.273,-94.482,-425.476
0.464,-0.160,0.602,-11.719,-120.300,-396.851
0.652,-0.037,0.487,-3.723,-160.400,-351.990
0.674,0.155,0.484,4.028,-201.355,-299.805
0.593,0.333,0.513,9.949,-218.384,-256.531
0.560,0.428,0.557,16.541,-204.346,-233.704
0.590,0.507,0.593,25.085,-174.561,-227.234
0.626,0.548,0.618,29.419,-141.541,-225.830
0.656,0.596,0.670,27.344,-112.366,-225.830
0.640,0.659,0.720,18.799,-88.684,-223.694
0.650,0.703,0.690,7.507,-63.416,-219.849
0.753,0.688,0.589,0.549,-41.870,-213.135
0.890,0.683,0.466,-3.357,-33.936,-199.341
0.958,0.674,0.357,-4.944,-39.368,-172.974
0.933,0.682,0.273,-2.869,-52.979,-137.512
0.835,0.698,0.235,2.563,-67.078,-100.281
0.727,0.754,0.212,8.179,-75.623,-68.665
0.603,0.818,0.276,15.137,-77.209,-48.218
0.457,0.859,0.348,21.423,-67.688,-35.706
0.304,0.875,0.386,21.545,-49.316,-28.809
0.149,0.854,0.414,18.005,-28.870,-28.503
0.047,0.870,0.464,16.602,-12.756,-33.447
0.030,0.872,0.462,15.198,-4.272,-38.330
0.068,0.845,0.427,11.658,-2.563,-37.964
0.061,0.814,0.386,7.935,-5.920,-29.663
0.012,0.829,0.339,4.822,-11.169,-16.602
-0.038,0.852,0.322,1.953,-17.151,-4.089
-0.083,0.855,0.317,-0.244,-21.240,4.761
-0.135,0.859,0.326,-0.916,-19.958,10.193
-0.230,0.868,0.315,-1.160,-14.709,13.000
-0.297,0.866,0.295,-1.282,-9.033,10.681
-0.316,0.863,0.300,-0.061,-4.272,5.676
-0.329,0.862,0.318,0.427,1.709,1.709
-0.360,0.853,0.310,-0.305,9.460,-1.343
-0.403,0.840,0.284,-0.671,16.113,-4.395
-0.403,0.834,0.285,-0.061,16.968,-7.080
-0.400,0.839,0.300,-0.183,11.047,-6.287
-0.400,0.848,0.306,-1.099,5.005,-3.052
-0.385,0.854,0.303,-1.526,1.648,-0.732
-0.372,0.848,0.298,-0.977,0.732,0.244
-0.372,0.835,0.279,-0.305,1.953,1.160
-0.377,0.826,0.264,0.488,3.235,2.075
-0.375,0.831,0.273,1.953,3.784,2.869
-0.379,0.843,0.310,3.723,4.456,3.418
-0.393,0.860,0.346,4.578,6.897,3.479
-0.428,0.853,0.351,4.761,10.986,2.258
-0.456,0.831,0.351,4.395,13.733,0.061
-0.477,0.818,0.350,4.089,12.146,-1.831
-0.476,0.823,0.353,5.005,5.859,-2.686
-0.443,0.834,0.372,6.104,-2.625,-2.319
-0.410,0.840,0.395,5.432,-8.362,-0.427
-0.393,0.854,0.400,3.967,-9.338,1.160
-0.397,0.854,0.396,3.296,-7.080,1.160
-0.396,0.845,0.386,2.441,-5.005,0.916
-0.378,0.838,0.383,0.793,-3.723,1.587
-0.357,0.847,0.389,-0.366,-1.953,2.563
-0.353,0.863,0.402,-0.610,1.160,2.380
-0.358,0.857,0.400,-0.793,6.653,1.648
-0.367,0.844,0.371,-1.770,12.451,1.404
-0.414,0.814,0.344,-2.075,15.015,1.587
-0.476,0.802,0.329,-0.305,11.597,2.197
-0.491,0.820,0.353,2.197,1.160,3.479
-0.466,0.850,0.391,2.502,-11.169,6.775
-0.430,0.868,0.414,0.244,-18.677,8.789
-0.406,0.873,0.415,-1.282,-17.334,6.653
-0.381,0.862,0.393,-1.770,-8.850,1.953
-0.357,0.844,0.369,-2.502,0.488,-1.892
-0.367,0.848,0.357,-3.540,7.019,-3.174
-0.375,0.849,0.358,-4.272,10.071,-3.784
-0.355,0.842,0.360,-4.456,12.024,-4.578
-0.335,0.837,0.361,-4.028,13.123,-4.578
-0.331,0.828,0.350,-3.784,13.611,-3.540
-0.340,0.809,0.322,-2.441,12.207,-1.892
-0.345,0.815,0.311,-0.305,6.470,1.221
-0.352,0.821,0.333,1.160,-2.197,6.226
-0.353,0.845,0.366,0.732,-8.545,10.315
-0.361,0.867,0.398,0.610,-9.216,11.108
-0.372,0.868,0.406,0.000,-5.249,9.033
-0.399,0.863,0.386,-1.892,-0.183,6.348
-0.410,0.851,0.353,-3.235,4.211,4.578
-0.404,0.829,0.336,-4.150,6.592,2.991
-0.395,0.822,0.330,-4.700,7.690,1.709
-0.385,0.821,0.325,-5.188,10.071,0.305
-0.373,0.813,0.317,-5.066,13.977,-1.892
-0.362,0.802,0.302,-4.822,18.860,-4.333
-0.346,0.792,0.283,-3.906,23.254,-6.836
-0.323,0.784,0.268,-2.319,25.208,-8.118
-0.297,0.791,0.272,-0.610,24.597,-7.507
-0.281,0.801,0.287,0.977,23.437,-5.676
-1.208,-0.444,1.390,95.947,88.318,282.410
-1.409,-0.423,1.451,93.140,75.500,273.437
-1.568,-0.405,1.459,90.149,66.223,257.812
-1.669,-0.390,1.473,87.036,59.753,237.976
-1.719,-0.394,1.493,84.656,55.725,217.957
-1.668,-0.384,1.498,81.177,56.580,202.209
-1.707,-0.431,1.562,79.468,47.485,189.636
-1.761,-0.396,1.569,70.251,40.161,190.125
-1.766,-0.428,1.555,59.998,47.607,182.129
-1.854,-0.455,1.492,53.589,55.237,172.119
-2.067,-0.579,1.354,48.279,60.974,160.522
-2.169,-0.550,1.247,50.415,57.556,140.747
-2.289,-0.572,1.217,58.655,40.771,120.056
-2.399,-0.531,1.213,60.913,16.479,98.755
-2.553,-0.522,1.156,58.289,-7.690,73.547
-2.603,-0.482,1.141,57.800,-28.503,39.124
-2.551,-0.400,1.174,59.021,-44.067,-2.502
-2.424,-0.370,1.197,57.251,-51.941,-45.654
-2.293,-0.385,1.173,50.537,-55.054,-85.022
-2.154,-0.418,1.112,44.495,-57.800,-117.981
-2.040,-0.421,1.057,42.908,-62.439,-143.738
-1.954,-0.374,1.021,43.396,-67.322,-164.734
-1.857,-0.308,1.000,42.786,-71.289,-183.350
-1.744,-0.249,0.999,42.053,-77.759,-198.853
-1.616,-0.162,0.991,40.161,-86.914,-212.341
-1.484,-0.082,1.014,36.865,-96.130,-225.525
-1.397,0.010,1.057,31.982,-102.417,-240.784
-1.357,0.114,1.063,25.879,-105.957,-258.423
-1.289,0.183,1.102,17.334,-110.657,-277.405
-1.216,0.214,1.064,2.991,-110.718,-298.218
-1.002,0.228,1.054,-5.859,-105.835,-328.369
-0.762,0.244,1.002,-16.296,-105.408,-353.149
-0.499,0.217,0.904,-27.588,-104.858,-367.432
-0.234,0.178,0.807,-33.569,-109.680,-371.582
0.003,0.157,0.704,-34.790,-120.178,-363.037
0.236,0.192,0.602,-31.982,-132.812,-342.407
0.454,0.286,0.520,-27.588,-146.729,-311.523
0.623,0.401,0.463,-25.269,-161.011,-275.818
0.762,0.494,0.443,-23.254,-171.509,-242.859
0.856,0.562,0.478,-19.287,-176.575,-215.515
0.846,0.637,0.509,-15.381,-172.058,-192.078
0.793,0.702,0.519,-13.367,-156.250,-176.514
0.748,0.724,0.499,-11.597,-132.446,-171.936
0.741,0.738,0.488,-9.460,-104.797,-175.537
0.808,0.740,0.453,-8.606,-77.209,-177.612
0.867,0.716,0.407,-10.254,-58.105,-170.288
0.910,0.724,0.354,-13.367,-49.744,-153.992
0.932,0.712,0.289,-14.526,-47.241,-131.165
0.904,0.705,0.231,-11.353,-50.842,-105.347
0.823,0.707,0.176,-6.775,-59.753,-75.867
0.755,0.753,0.191,-2.380,-69.031,-47.729
0.653,0.788,0.229,-0.061,-71.899,-22.705
0.510,0.822,0.267,0.549,-66.101,-3.662
0.360,0.831,0.267,0.793,-51.697,6.836
0.241,0.829,0.240,1.770,-33.386,8.118
0.141,0.802,0.221,3.235,-15.747,5.554
0.044,0.789,0.198,4.089,-1.221,2.686
-0.073,0.773,0.184,4.700,9.949,-1.038
-0.178,0.749,0.159,6.897,19.348,-5.676
-0.243,0.738,0.134,9.766,22.095,-9.033
-0.278,0.744,0.153,12.329,14.587,-8.301
-0.287,0.769,0.211,12.573,2.014,-3.113
-0.301,0.805,0.253,10.010,-9.705,4.639
-0.300,0.838,0.276,6.165,-18.860,12.329
-0.287,0.848,0.277,2.869,-22.888,16.052
-0.284,0.856,0.272,2.197,-21.179,15.259
-0.293,0.851,0.268,2.930,-14.954,12.085
-0.309,0.843,0.254,2.991,-5.920,8.423
-0.326,0.841,0.236,3.479,3.662,4.761
-0.341,0.828,0.225,4.883,11.475,0.732
-0.351,0.811,0.216,6.958,15.991,-2.319
-0.383,0.804,0.217,10.132,16.663,-3.296
-0.396,0.820,0.251,14.160,11.597,-3.113
-0.396,0.845,0.308,16.418,0.671,-0.549
-0.389,0.874,0.363,14.832,-10.986,4.761
-0.375,0.902,0.401,11.719,-18.127,8.362
-0.359,0.924,0.426,9.521,-19.287,8.423
-0.366,0.938,0.430,7.568,-15.869,6.897
-0.375,0.938,0.410,5.310,-9.216,4.578
-0.375,0.924,0.379,2.686,-2.441,1.953
-0.360,0.899,0.351,0.061,3.906,-0.366
-0.351,0.879,0.328,-0.732,9.277,-2.075
-0.353,0.862,0.304,0.244,12.207,-2.747
-0.374,0.840,0.289,2.014,12.695,-2.563
-0.412,0.829,0.282,4.272,9.033,-1.038
-0.420,0.838,0.298,5.981,1.343,1.648
-0.411,0.860,0.345,6.470,-7.080,4.822
-0.409,0.890,0.381,5.127,-12.024,6.836
-0.399,0.894,0.386,3.296,-11.292,5.676
-0.382,0.880,0.359,1.526,-6.348,2.991
-0.374,0.863,0.324,-0.122,-1.099,0.488
-0.364,0.851,0.309,-0.732,3.052,-1.831
-0.345,0.851,0.295,-0.244,6.348,-3.296
-0.339,0.827,0.282,0.061,8.545,-3.784
-0.356,0.810,0.265,0.854,9.460,-3.174
-0.352,0.812,0.257,3.601,7.629,-2.380
-0.332,0.824,0.268,6.165,3.174,-0.427
-0.319,0.827,0.281,7.202,-1.587,2.991
-0.310,0.829,0.293,7.507,-3.662,5.859
-0.304,0.833,0.307,7.996,-2.441,7.080
-0.294,0.836,0.306,7.629,1.160,7.141
-0.285,0.826,0.318,6.775,5.188,7.141
-0.310,0.812,0.322,5.371,8.057,7.324
-0.325,0.806,0.308,4.761,9.888,7.202
-0.321,0.805,0.298,5.554,10.315,6.653
-0.319,0.805,0.302,7.141,8.362,7.080
-0.331,0.812,0.308,8.606,4.578,8.850
-0.343,0.822,0.322,10.254,0.000,11.169
-0.345,0.836,0.343,10.986,-3.723,13.367
-0.349,0.856,0.370,10.742,-5.554,14.465
-0.357,0.869,0.397,9.338,-4.761,14.160
-0.370,0.877,0.403,7.446,-0.793,12.573
-0.392,0.881,0.389,5.493,4.211,10.010
-0.400,0.861,0.370,4.028,7.874,7.019
-0.407,0.851,0.355,2.930,10.132,5.066
-0.418,0.849,0.343,2.380,10.620,3.479
-0.426,0.842,0.341,2.563,9.399,2.136
-0.434,0.834,0.342,2.747,6.897,1.526
-0.437,0.845,0.340,2.686,3.113,1.831
-0.863,-0.660,1.477,65.125,164.185,344.910
-1.189,-0.776,1.311,63.965,157.776,348.083
-1.567,-0.883,1.130,68.787,139.893,338.806
-1.928,-0.914,1.051,83.374,108.276,317.993
-2.251,-0.911,1.068,100.037,71.289,285.889
-2.372,-0.810,1.126,113.586,34.607,246.643
-2.487,-0.698,1.272,116.272,-1.099,214.783
-2.472,-0.645,1.333,104.736,-15.015,180.481
-2.310,-0.620,1.337,94.666,-15.625,137.634
-2.151,-0.640,1.317,87.891,-14.099,96.252
-2.042,-0.655,1.246,79.163,-10.254,58.716
-1.988,-0.662,1.180,71.106,-5.493,27.954
-1.960,-0.643,1.091,63.965,-0.122,1.648
-1.974,-0.613,1.028,61.279,5.188,-23.437
-1.971,-0.530,1.006,62.683,8.362,-48.706
-2.003,-0.520,0.891,62.622,8.728,-73.059
-2.007,-0.553,0.799,63.782,4.028,-96.741
-1.957,-0.566,0.770,68.848,-6.042,-116.150
-1.868,-0.547,0.790,75.317,-21.973,-128.723
-1.798,-0.503,0.844,80.933,-42.969,-134.399
-1.798,-0.420,0.906,87.036,-66.101,-134.705
-1.802,-0.362,0.947,93.994,-86.548,-134.460
-1.828,-0.302,0.962,98.938,-104.065,-137.390
-1.876,-0.225,0.983,101.990,-122.375,-146.118
-1.932,-0.148,1.032,103.027,-138.123,-161.926
-1.925,-0.073,1.121,100.891,-149.414,-187.317
-1.874,0.048,1.180,93.872,-155.579,-218.384
-1.727,0.116,1.271,84.045,-153.931,-258.545
-1.541,0.175,1.340,68.787,-151.611,-300.415
-1.329,0.207,1.331,47.424,-143.311,-341.003
-1.116,0.173,1.297,27.405,-130.981,-381.836
-0.843,0.101,1.239,9.827,-115.601,-422.180
-0.512,0.011,1.154,-5.737,-101.563,-454.468
-0.161,-0.051,1.015,-20.264,-94.055,-468.140
0.131,-0.054,0.864,-32.166,-96.497,-461.182
0.364,-0.018,0.756,-41.382,-104.858,-439.758
0.570,0.042,0.663,-47.974,-111.145,-415.222
0.828,0.112,0.570,-47.729,-115.417,-387.451
1.062,0.187,0.480,-43.091,-122.681,-352.905
1.198,0.302,0.424,-37.903,-132.385,-313.721
1.239,0.441,0.430,-34.302,-137.939,-273.193
1.212,0.575,0.408,-33.813,-131.775,-235.474
1.118,0.628,0.389,-33.142,-113.525,-209.351
1.037,0.671,0.363,-29.724,-83.862,-196.716
0.983,0.665,0.317,-25.269,-51.636,-186.340
0.960,0.652,0.260,-21.179,-24.109,-175.781
0.922,0.625,0.182,-16.418,-8.972,-159.058
0.851,0.620,0.144,-13.000,-8.911,-132.751
0.752,0.657,0.139,-10.498,-16.724,-102.905
0.689,0.711,0.157,-6.897,-26.794,-76.721
0.622,0.740,0.187,-2.380,-36.011,-54.504
0.553,0.761,0.189,0.549,-41.870,-34.119
0.485,0.796,0.211,2.808,-44.250,-16.602
0.417,0.843,0.225,4.089,-41.443,-3.784
0.352,0.852,0.240,5.005,-31.738,1.770
0.279,0.848,0.235,6.531,-17.761,3.845
0.205,0.836,0.202,7.202,-4.700,5.920
0.126,0.825,0.195,7.874,3.357,8.362
0.040,0.832,0.213,8.911,4.883,12.756
-0.043,0.846,0.236,8.606,1.160,18.860
-0.118,0.866,0.242,7.202,-5.249,25.085
-0.161,0.886,0.236,6.958,-11.780,28.687
-0.172,0.889,0.241,8.789,-17.090,29.663
-0.179,0.900,0.263,11.292,-19.531,29.541
-0.217,0.922,0.286,11.658,-18.005,30.029
-0.251,0.925,0.272,9.583,-12.634,30.457
-0.267,0.908,0.261,7.324,-7.202,28.992
-0.273,0.912,0.268,7.141,-3.418,27.344
-0.298,0.922,0.285,7.568,-0.732,26.062
-0.343,0.916,0.296,7.324,1.709,23.743
-0.377,0.912,0.306,8.057,2.747,20.508
-0.401,0.922,0.320,8.789,0.000,18.250
-0.415,0.913,0.338,7.507,-4.883,18.250
-0.407,0.913,0.332,4.395,-8.057,17.761
-0.391,0.915,0.328,3.052,-8.667,14.587
-0.377,0.911,0.318,3.418,-6.836,9.949
-0.368,0.906,0.303,3.357,-3.540,6.104
-0.358,0.909,0.289,3.723,-0.183,3.174
-0.345,0.895,0.281,4.150,3.113,1.099
-0.337,0.895,0.296,3.296,5.005,0.793
-0.347,0.893,0.298,1.404,5.493,2.075
-0.353,0.884,0.276,0.977,5.127,3.174
-0.349,0.879,0.271,2.380,2.441,4.517
-0.350,0.886,0.290,3.235,-2.075,6.958
-0.374,0.888,0.300,2.625,-4.944,9.949
-0.394,0.883,0.296,2.380,-6.958,10.986
-0.386,0.883,0.305,2.686,-9.094,10.132
-0.382,0.893,0.315,2.380,-11.230,10.132
-0.382,0.901,0.316,1.221,-11.353,9.766
-0.365,0.892,0.308,0.549,-7.935,7.263
-0.353,0.876,0.296,-0.061,-3.296,4.272
-0.349,0.866,0.285,-0.610,0.854,1.709
-0.344,0.859,0.273,-0.916,4.272,-0.549
-0.328,0.859,0.262,-0.488,6.409,-2.380
-0.309,0.856,0.262,0.610,7.507,-3.662
-0.312,0.846,0.256,1.465,7.935,-3.601
-0.314,0.839,0.247,2.075,7.935,-3.418
-0.295,0.837,0.253,3.113,6.042,-3.174
-0.272,0.838,0.275,3.357,2.686,-1.160
-0.273,0.854,0.306,2.502,-0.916,2.441
-0.286,0.871,0.326,1.282,-2.380,5.188
-0.294,0.875,0.323,0.549,-2.258,5.554
-0.293,0.873,0.313,0.305,-2.014,5.127
-0.297,0.875,0.310,0.061,-2.319,5.371
-0.303,0.880,0.310,-0.305,-1.831,5.371
-0.306,0.883,0.298,-0.183,-0.061,4.211
-0.306,0.871,0.286,0.061,2.014,2.502
-0.303,0.862,0.279,0.488,4.028,0.671
-0.300,0.865,0.278,1.099,5.615,-1.099
-0.299,0.864,0.277,1.831,6.836,-2.441
-0.294,0.862,0.272,2.014,6.958,-2.869
-0.289,0.865,0.282,2.747,5.554,-2.502
-0.296,0.878,0.296,2.930,3.357,-1.282
-0.306,0.893,0.305,2.197,1.282,0.122
-0.304,0.902,0.313,1.221,-0.244,0.671
-0.297,0.902,0.316,0.183,-0.610,0.916
-0.302,0.910,0.311,-0.793,-0.305,0.916
-0.306,0.905,0.302,-1.587,1.404,0.427
-0.294,0.899,0.283,-2.380,4.639,-0.488
-0.526,-0.977,1.607,119.873,219.482,420.654
-0.871,-1.084,1.703,124.084,209.900,428.589
-1.221,-1.127,1.777,130.066,198.853,425.659
-1.525,-1.122,1.888,136.780,187.317,411.499
-1.838,-1.083,1.939,141.235,178.650,387.207
-2.153,-1.058,1.937,141.846,172.852,352.295
-2.357,-1.024,1.912,140.991,169.861,307.800
-2.463,-0.998,1.872,141.479,169.495,257.935
-2.515,-0.959,1.833,141.113,166.199,208.130
-2.563,-0.901,1.781,135.925,155.518,160.950
-2.435,-0.848,1.708,125.244,138.306,118.042
-2.573,-0.849,1.617,113.281,96.558,90.637
-2.590,-0.837,1.501,91.003,58.838,69.763
-2.431,-0.816,1.402,74.341,31.616,39.001
-2.289,-0.838,1.365,66.711,2.808,7.507
-2.110,-0.841,1.330,64.392,-16.846,-27.893
-1.886,-0.844,1.288,64.209,-28.259,-60.364
-1.686,-0.822,1.240,63.049,-35.095,-84.534
-1.571,-0.788,1.183,61.890,-39.734,-102.478
-1.546,-0.755,1.103,62.927,-42.114,-118.347
-1.583,-0.740,1.033,67.810,-42.603,-135.864
-1.688,-0.728,0.967,75.745,-46.082,-155.579
-1.805,-0.732,0.913,87.280,-56.763,-176.025
-1.814,-0.659,0.971,100.647,-78.491,-196.655
-1.727,-0.543,1.121,109.863,-109.070,-211.975
-1.687,-0.442,1.273,109.558,-140.808,-220.703
-1.684,-0.267,1.366,100.159,-170.776,-227.783
-1.676,-0.125,1.455,88.196,-194.214,-241.760
-1.608,-0.026,1.552,75.256,-205.200,-267.517
-1.556,0.116,1.593,56.458,-201.355,-299.377
-1.440,0.173,1.588,36.011,-177.124,-342.590
-1.322,0.195,1.571,16.968,-151.917,-388.672
-1.228,0.198,1.500,-5.310,-123.962,-433.472
-1.131,0.156,1.411,-26.062,-92.224,-483.398
-0.996,0.055,1.290,-42.480,-60.181,-530.212
-0.779,-0.077,1.082,-54.138,-30.884,-573.059
-0.319,-0.254,0.869,-58.228,-16.357,-603.760
0.288,-0.458,0.701,-54.932,-32.288,-609.558
0.953,-0.613,0.612,-55.298,-85.876,-578.064
1.481,-0.564,0.535,-68.542,-169.434,-506.653
1.655,-0.356,0.498,-84.167,-264.160,-411.438
1.568,-0.068,0.513,-87.463,-335.876,-316.467
1.441,0.191,0.577,-74.829,-354.980,-248.962
1.383,0.393,0.679,-55.237,-314.758,-219.055
1.431,0.517,0.713,-36.499,-221.069,-228.271
1.519,0.553,0.663,-22.827,-98.694,-256.714
1.626,0.567,0.541,-15.564,18.066,-287.659
1.797,0.488,0.264,-9.827,102.234,-299.438
1.936,0.394,0.082,3.601,127.258,-276.489
2.002,0.332,-0.001,7.812,106.018,-215.088
1.875,0.300,-0.009,0.732,47.485,-125.122
1.513,0.338,0.046,-12.573,-23.132,-29.175
1.151,0.450,0.124,-13.794,-83.618,49.683
0.832,0.580,0.287,-3.784,-122.498,96.802
0.554,0.732,0.451,2.747,-132.263,118.652
0.314,0.835,0.556,1.953,-115.967,120.789
0.115,0.887,0.595,0.671,-80.872,105.652
-0.008,0.894,0.562,1.282,-36.438,81.726
-0.109,0.875,0.477,2.258,2.380,58.228
-0.217,0.821,0.388,0.854,26.978,39.368
-0.304,0.807,0.338,-0.671,33.691,26.489
-0.373,0.841,0.331,-1.465,26.550,19.714
-0.403,0.878,0.340,-3.296,15.686,17.639
-0.389,0.888,0.331,-8.606,7.874,16.907
-0.359,0.901,0.318,-14.282,3.845,14.832
-0.309,0.899,0.306,-16.479,4.150,10.010
-0.236,0.882,0.260,-15.991,6.958,5.920
-0.176,0.862,0.207,-16.235,8.728,6.531
-0.155,0.843,0.175,-15.503,8.240,10.803
-0.196,0.838,0.176,-12.878,6.836,15.381
-0.256,0.837,0.190,-8.789,5.798,16.846
-0.298,0.842,0.207,-5.066,5.005,14.526
-0.339,0.849,0.226,-2.136,2.991,10.742
-0.349,0.857,0.237,0.305,0.854,5.920
-0.331,0.870,0.254,2.686,0.427,0.122
-0.298,0.872,0.268,2.625,2.075,-4.883
-0.250,0.864,0.260,0.549,3.845,-8.240
-0.203,0.859,0.248,0.977,5.005,-10.803
-0.154,0.854,0.245,3.479,7.446,-13.000
-0.136,0.853,0.289,6.226,11.047,-15.442
-0.152,0.886,0.336,7.996,12.634,-17.090
-0.145,0.909,0.356,9.033,10.925,-17.151
-0.107,0.888,0.361,6.348,6.836,-14.709
-0.064,0.882,0.345,2.686,3.357,-9.888
-0.037,0.884,0.323,2.686,1.892,-5.066
-0.036,0.884,0.311,4.395,3.479,-2.258
-0.065,0.870,0.317,5.859,5.676,-0.061
-0.152,0.883,0.323,7.263,3.906,3.052
-0.202,0.910,0.334,8.118,-2.441,6.531
-0.201,0.923,0.353,6.470,-10.864,9.033
-0.177,0.924,0.350,2.808,-16.296,10.437
-0.152,0.920,0.341,1.709,-14.587,9.033
-0.146,0.914,0.349,2.502,-7.751,5.554
-0.197,0.943,0.348,2.808,-1.038,1.648
-0.209,0.941,0.333,2.197,3.418,-2.625
-0.167,0.898,0.318,0.244,4.272,-6.470
-0.119,0.893,0.305,-0.793,3.845,-7.568
-0.088,0.904,0.303,0.488,4.700,-7.324
-0.069,0.896,0.304,2.014,6.836,-7.629
-0.055,0.887,0.284,3.235,8.118,-6.470
-0.048,0.880,0.263,4.883,5.554,-2.869
-0.058,0.879,0.266,6.470,-0.977,2.136
-0.069,0.887,0.296,7.751,-8.423,7.996
-0.081,0.907,0.341,8.301,-14.038,13.184
-0.114,0.930,0.390,7.019,-15.991,16.479
-0.138,0.950,0.413,4.333,-12.817,16.479
-0.157,0.947,0.416,1.526,-6.958,13.184
-0.192,0.936,0.391,-0.793,0.000,7.996
-0.205,0.930,0.357,-1.221,8.301,0.854
-0.210,0.918,0.327,0.000,15.503,-6.653
-0.197,0.896,0.287,1.526,20.691,-13.489
-0.163,0.868,0.256,3.479,20.813,-17.456
-0.137,0.853,0.251,4.639,15.686,-16.907
-0.120,0.858,0.274,5.920,8.423,-13.062
-0.104,0.874,0.306,6.226,2.747,-8.850
-0.091,0.880,0.331,5.432,0.122,-5.615
-0.088,0.883,0.345,4.150,0.488,-4.395
-0.093,0.883,0.336,3.845,3.296,-5.249
-0.081,0.874,0.321,4.639,7.812,-7.324
-1.201,-0.384,1.250,95.825,155.457,292.114
-1.416,-0.447,1.234,97.778,171.143,262.634
-1.662,-0.507,1.225,100.525,184.082,227.966
-1.886,-0.463,1.274,105.225,181.946,190.613
-2.018,-0.365,1.331,111.267,167.358,152.771
-2.060,-0.273,1.391,112.793,148.315,118.042
-2.030,-0.177,1.420,110.840,127.197,92.102
-1.955,-0.113,1.419,104.309,110.718,72.449
-1.849,-0.111,1.378,95.337,103.943,54.504
-1.732,-0.090,1.313,87.830,102.539,37.231
-1.590,-0.111,1.294,83.740,99.548,21.240
-1.510,-0.148,1.186,82.825,87.830,8.362
-1.423,-0.158,1.183,87.646,57.617,9.888
-1.477,-0.026,1.180,80.444,25.085,33.752
-1.515,-0.107,1.152,75.867,18.127,49.927
-1.724,-0.229,1.043,75.439,11.658,64.819
-1.964,-0.255,0.938,78.186,-8.057,69.336
-2.012,-0.193,0.945,89.844,-45.654,55.481
-2.229,-0.068,1.056,101.135,-91.003,29.175
-2.327,0.078,1.193,101.013,-111.877,-3.479
-2.326,0.161,1.280,92.468,-100.281,-40.771
-2.209,0.162,1.300,81.177,-65.857,-83.313
-2.018,0.143,1.233,70.862,-29.724,-129.395
-1.855,0.120,1.134,64.514,-6.348,-170.959
-1.725,0.101,1.062,62.683,2.563,-201.904
-1.608,0.131,1.042,62.012,-4.089,-217.834
-1.499,0.203,1.059,60.303,-24.719,-220.520
-1.441,0.266,1.098,55.725,-55.969,-214.294
-1.455,0.363,1.178,49.377,-92.651,-203.674
-1.456,0.484,1.317,41.748,-130.615,-193.970
-1.455,0.624,1.379,30.334,-160.828,-189.392
-1.396,0.620,1.448,22.461,-171.936,-201.050
-1.329,0.713,1.514,14.160,-181.091,-225.464
-1.263,0.746,1.500,2.136,-181.824,-255.066
-1.052,0.670,1.431,-8.606,-170.837,-291.992
-0.790,0.541,1.325,-19.226,-161.499,-323.181
-0.510,0.419,1.196,-29.419,-159.424,-342.346
-0.159,0.326,1.074,-35.706,-167.175,-346.863
0.184,0.265,0.998,-40.833,-189.697,-333.130
0.416,0.247,0.919,-50.293,-218.018,-304.321
0.573,0.308,0.875,-58.411,-240.051,-271.729
0.642,0.363,0.849,-60.181,-247.009,-242.981
0.723,0.371,0.788,-55.054,-230.652,-228.271
0.837,0.397,0.716,-46.326,-200.989,-222.534
0.914,0.432,0.700,-38.147,-167.908,-224.243
1.031,0.496,0.696,-34.241,-132.507,-228.027
1.191,0.489,0.623,-31.677,-97.961,-230.530
1.346,0.488,0.577,-27.832,-76.111,-219.604
1.442,0.503,0.492,-29.358,-64.575,-192.932
1.467,0.512,0.381,-33.691,-60.913,-155.579
1.418,0.542,0.294,-35.400,-62.317,-114.136
1.279,0.576,0.239,-33.630,-64.941,-76.660
1.092,0.618,0.225,-28.137,-62.683,-48.584
0.911,0.657,0.207,-20.813,-51.331,-31.616
0.748,0.675,0.196,-13.184,-33.508,-24.170
0.595,0.678,0.166,-6.714,-13.367,-23.315
0.462,0.671,0.119,-0.122,3.906,-25.269
0.374,0.648,0.105,6.836,15.442,-27.039
0.321,0.651,0.146,10.925,18.311,-25.330
0.281,0.683,0.178,10.193,11.963,-15.320
0.206,0.711,0.202,6.287,-1.770,1.343
0.162,0.723,0.189,0.793,-16.907,20.081
0.130,0.756,0.164,-3.784,-30.396,37.231
0.051,0.801,0.150,-7.263,-39.001,49.988
-0.031,0.829,0.137,-8.911,-37.170,54.260
-0.108,0.839,0.132,-7.263,-25.085,49.011
-0.183,0.828,0.122,-3.662,-6.653,38.330
-0.246,0.807,0.101,0.122,11.902,26.306
-0.300,0.807,0.078,3.540,23.376,15.869
-0.351,0.818,0.078,7.141,26.123,8.972
-0.383,0.824,0.105,9.399,23.132,4.211
-0.370,0.845,0.168,11.292,15.320,0.916
-0.357,0.892,0.253,11.719,3.662,-0.061
-0.338,0.936,0.293,8.057,-5.188,0.916
-0.311,0.951,0.294,2.869,-7.751,1.465
-0.285,0.950,0.270,-0.183,-5.249,-0.305
-0.271,0.938,0.254,-0.305,-0.916,-3.357
-0.262,0.935,0.243,0.854,4.150,-6.226
-0.253,0.936,0.237,1.465,8.972,-8.057
-0.244,0.919,0.230,1.709,13.184,-9.216
-0.231,0.900,0.230,3.235,15.320,-9.766
-0.220,0.907,0.250,5.493,12.451,-8.667
-0.234,0.907,0.270,6.348,4.761,-4.700
-0.243,0.905,0.272,4.578,-3.418,0.793
-0.249,0.928,0.287,2.197,-12.085,5.798
-0.271,0.946,0.302,0.854,-18.921,8.545
-0.261,0.959,0.308,0.183,-20.630,8.362
-0.242,0.966,0.317,-0.183,-17.822,6.348
-0.246,0.971,0.304,-1.038,-12.146,3.845
-0.242,0.956,0.288,-1.160,-5.188,0.732
-0.211,0.940,0.266,-0.793,2.930,-2.441
-0.204,0.919,0.253,0.122,10.986,-4.395
-0.217,0.897,0.241,1.831,16.663,-5.737
-0.238,0.883,0.235,3.967,18.188,-5.676
-0.249,0.889,0.242,5.066,14.343,-3.845
-0.250,0.900,0.271,5.249,6.409,-0.488
-0.271,0.911,0.288,4.272,-2.502,3.601
-0.266,0.929,0.309,3.296,-9.399,6.470
-0.274,0.947,0.334,1.831,-14.465,8.301
-0.274,0.943,0.328,-1.404,-13.977,9.216
-0.260,0.921,0.304,-3.601,-8.301,7.446
-0.256,0.912,0.285,-3.235,-2.014,3.723
-0.254,0.910,0.273,-2.014,3.601,-0.305
-0.244,0.893,0.260,-1.282,8.789,-2.625
-0.241,0.880,0.241,-1.770,12.878,-3.540
-0.235,0.853,0.213,-1.221,15.320,-4.395
-0.232,0.816,0.177,1.160,14.648,-4.578
-0.225,0.809,0.158,4.272,9.766,-2.869
-0.223,0.821,0.180,6.653,1.099,0.549
-0.236,0.849,0.222,6.592,-7.263,4.456
-0.246,0.887,0.255,5.249,-11.414,6.470
-0.248,0.906,0.278,4.517,-10.132,5.249
-0.263,0.904,0.279,4.761,-5.737,2.625
-0.266,0.890,0.266,4.883,-0.916,-0.488
-0.264,0.890,0.247,5.432,2.380,-2.380
-0.256,0.890,0.237,5.981,2.747,-3.113
-0.235,0.888,0.244,6.042,1.831,-3.296
-0.207,0.898,0.263,6.348,1.526,-2.625
-0.205,0.910,0.284,5.920,1.282,-0.854
-1.295,-0.732,1.288,132.935,159.607,301.514
-1.586,-0.655,1.526,132.080,120.361,303.467
-1.826,-0.548,1.662,118.835,87.097,306.885
-1.976,-0.460,1.762,101.379,67.566,300.659
-2.016,-0.404,1.808,86.731,65.918,281.433
-1.982,-0.373,1.794,75.317,81.299,253.540
-1.887,-0.413,1.753,62.683,109.131,220.459
-1.707,-0.586,1.655,50.537,138.489,194.397
-1.808,-0.636,1.548,39.429,146.057,189.148
-1.929,-0.762,1.382,28.503,161.743,174.316
-2.104,-0.863,1.197,36.194,161.194,153.748
-2.488,-0.974,0.944,53.650,136.414,136.047
-2.811,-1.052,0.719,79.895,90.088,112.000
-2.839,-1.045,0.675,118.835,24.231,88.318
-2.658,-0.940,0.879,148.254,-50.171,63.721
-2.467,-0.783,1.161,155.090,-115.234,41.321
-2.369,-0.698,1.375,146.240,-147.095,16.907
-2.339,-0.710,1.423,130.981,-138.306,-11.963
-2.306,-0.705,1.353,117.249,-101.868,-48.035
-2.251,-0.708,1.193,114.258,-56.946,-93.567
-2.250,-0.746,1.054,118.835,-27.222,-140.869
-2.266,-0.775,0.974,122.070,-18.921,-179.626
-2.334,-0.755,0.962,122.986,-31.067,-205.811
-2.405,-0.684,1.044,124.695,-60.974,-221.619
-2.389,-0.539,1.211,126.465,-104.736,-234.558
-2.316,-0.345,1.412,124.390,-154.724,-250.488
-2.185,-0.139,1.666,113.281,-194.763,-270.447
-2.057,-0.064,1.777,87.708,-205.933,-296.204
-1.927,-0.064,1.827,67.810,-197.388,-338.867
-1.804,-0.010,1.821,52.307,-189.270,-382.080
-1.633,-0.028,1.784,36.560,-181.946,-427.979
-1.325,-0.129,1.705,19.165,-175.537,-473.572
-0.891,-0.262,1.593,2.563,-177.368,-507.996
-0.385,-0.404,1.488,-5.737,-190.979,-526.245
0.209,-0.515,1.388,-7.507,-217.529,-522.400
0.859,-0.558,1.323,-5.737,-258.789,-492.920
1.391,-0.433,1.279,-4.578,-313.110,-434.937
1.554,-0.187,1.303,-7.812,-367.187,-362.610
1.504,0.212,1.376,-8.667,-390.198,-294.373
1.580,0.543,1.395,-4.089,-350.342,-260.681
1.684,0.759,1.238,-1.892,-263.000,-256.165
1.640,0.766,1.123,-0.122,-158.081,-273.682
1.661,0.655,0.860,3.723,-44.739,-297.668
1.802,0.535,0.509,11.536,38.879,-297.180
2.004,0.397,0.164,20.386,64.819,-256.104
2.084,0.318,-0.072,18.188,33.508,-175.049
1.934,0.329,-0.126,7.324,-31.494,-77.759
1.526,0.481,0.011,-1.038,-99.304,9.827
1.072,0.603,0.190,-5.249,-132.141,61.707
0.681,0.662,0.318,-1.770,-112.854,75.623
0.380,0.690,0.295,3.174,-59.326,68.604
0.117,0.651,0.147,5.188,-0.916,46.143
-0.091,0.599,-0.028,11.841,39.246,19.714
-0.280,0.573,-0.130,22.034,54.993,-1.465
-0.407,0.616,-0.140,26.428,55.054,-10.315
-0.428,0.674,-0.125,23.926,42.603,-7.141
-0.347,0.707,-0.100,19.165,21.423,-3.784
-0.257,0.722,0.008,20.081,-4.028,-2.686
-0.219,0.788,0.175,20.020,-24.536,2.747
-0.219,0.871,0.290,13.855,-30.518,8.118
-0.237,0.902,0.344,6.775,-22.522,6.042
-0.204,0.919,0.336,3.906,-5.066,0.916
-0.181,0.907,0.292,1.648,11.780,-3.174
-0.222,0.886,0.233,-1.648,23.132,-5.798
-0.257,0.866,0.189,-0.549,30.212,-10.498
-0.297,0.858,0.174,4.028,31.799,-15.503
-0.339,0.852,0.163,5.066,27.588,-15.930
-0.355,0.845,0.154,3.174,21.118,-15.564
-0.328,0.851,0.161,2.808,14.893,-15.686
-0.296,0.858,0.156,2.563,10.681,-15.564
-0.282,0.867,0.128,0.488,7.935,-14.221
-0.271,0.865,0.092,-1.587,8.118,-12.268
-0.257,0.868,0.084,-0.366,11.047,-10.681
-0.256,0.884,0.111,2.563,14.282,-9.705
-0.282,0.908,0.140,3.662,18.677,-8.789
-0.296,0.908,0.149,4.700,24.536,-9.094
-0.331,0.896,0.150,5.981,29.175,-9.766
-0.365,0.886,0.130,7.568,28.931,-9.094
-0.366,0.898,0.132,9.094,20.325,-6.714
-0.379,0.920,0.157,8.728,7.690,-1.526
-0.395,0.931,0.173,7.080,-2.563,4.089
-0.394,0.953,0.190,5.981,-8.789,7.507
-0.397,0.968,0.223,5.493,-10.132,7.385
-0.409,0.979,0.244,4.700,-6.165,4.211
-0.395,0.980,0.240,3.784,1.526,-1.343
-0.354,0.974,0.226,3.662,10.010,-6.958
-0.323,0.970,0.224,4.211,16.113,-11.108
-0.320,0.966,0.233,4.089,21.667,-13.489
-0.306,0.950,0.221,4.883,27.344,-15.381
-0.281,0.934,0.213,6.775,27.100,-14.954
-0.255,0.930,0.213,6.592,18.311,-10.071
-0.232,0.931,0.217,5.066,6.836,-2.563
-0.214,0.923,0.222,3.662,-2.502,4.639
-0.200,0.929,0.223,3.418,-8.362,9.766
-0.193,0.941,0.233,3.967,-10.681,13.428
-0.210,0.947,0.241,3.906,-9.033,16.785
-0.235,0.943,0.244,3.235,-4.333,18.860
-0.270,0.931,0.244,3.357,1.404,19.409
-0.296,0.922,0.253,4.700,5.859,19.226
-0.346,0.929,0.285,5.798,6.897,19.958
-0.415,0.940,0.306,4.456,8.057,20.203
-0.462,0.921,0.298,2.014,11.230,18.005
-0.474,0.899,0.275,0.793,12.512,14.099
-0.499,0.884,0.268,0.305,9.399,10.986
-0.498,0.883,0.249,-1.770,4.150,8.850
-0.458,0.870,0.224,-4.456,-2.502,8.850
-0.420,0.857,0.198,-6.714,-7.874,10.376
-0.411,0.853,0.177,-7.019,-9.277,11.108
-0.417,0.854,0.168,-5.249,-6.348,9.399
-0.415,0.842,0.161,-2.625,-1.770,5.676
-0.404,0.836,0.160,-0.549,1.770,2.686
-0.388,0.835,0.167,0.793,4.578,0.854
-0.371,0.840,0.180,1.831,8.179,-0.732
-0.368,0.835,0.188,2.625,11.475,-2.075
-0.363,0.827,0.184,4.150,12.390,-2.625
-0.360,0.814,0.172,5.066,10.620,-2.319
-0.343,0.809,0.165,6.287,7.141,-0.793
-0.323,0.822,0.176,7.751,2.014,1.526
-0.309,0.836,0.203,8.057,-1.709,3.906
-1.064,-0.703,1.099,57.251,173.950,313.904
-1.322,-0.736,1.099,65.369,184.143,297.852
-1.549,-0.736,1.129,76.843,192.932,268.372
-1.777,-0.676,1.178,88.074,195.801,229.736
-1.963,-0.610,1.230,96.741,191.040,187.134
-2.078,-0.546,1.258,98.450,178.833,146.973
-2.085,-0.505,1.226,96.191,161.011,115.112
-2.022,-0.577,1.169,93.384,137.939,92.041
-1.949,-0.669,1.114,90.393,108.093,78.247
-1.921,-0.718,1.102,89.600,73.425,71.167
-1.803,-0.820,1.109,94.543,38.147,67.749
-2.021,-0.786,1.268,99.670,-11.963,74.585
-2.276,-0.691,1.280,93.628,-31.860,78.003
-2.391,-0.671,1.309,98.328,-29.724,54.199
-2.400,-0.647,1.318,107.422,-25.208,16.479
-2.426,-0.662,1.305,107.788,-26.245,-19.287
-2.382,-0.661,1.293,106.628,-30.334,-52.490
-2.328,-0.631,1.293,104.187,-38.208,-82.214
-2.349,-0.536,1.325,97.168,-50.049,-108.887
-2.333,-0.431,1.361,88.501,-58.594,-138.000
-2.241,-0.390,1.364,79.102,-59.937,-170.349
-2.088,-0.394,1.304,70.068,-58.228,-202.698
-1.951,-0.400,1.239,62.805,-60.852,-228.943
-1.803,-0.343,1.180,55.908,-71.167,-248.840
-1.658,-0.311,1.147,51.697,-87.891,-263.245
-1.529,-0.281,1.137,47.485,-110.718,-273.010
-1.405,-0.210,1.121,40.710,-129.822,-280.273
-1.113,-0.154,1.117,41.382,-134.460,-294.128
-0.939,-0.067,1.121,42.480,-150.757,-302.979
-0.878,0.007,1.141,36.499,-167.480,-310.364
-0.820,0.101,1.189,27.649,-178.772,-322.632
-0.703,0.137,1.226,15.320,-179.016,-336.670
-0.592,0.182,1.213,-0.610,-171.875,-351.685
-0.539,0.173,1.134,-18.677,-162.720,-366.394
-0.434,0.066,1.041,-33.447,-147.095,-384.521
-0.234,-0.026,0.893,-44.800,-131.104,-399.292
0.024,-0.126,0.716,-52.612,-121.765,-404.297
0.378,-0.172,0.508,-50.293,-123.962,-396.484
0.839,-0.166,0.345,-39.551,-142.639,-371.033
1.230,-0.058,0.257,-26.917,-180.176,-326.782
1.507,0.127,0.287,-15.930,-227.295,-265.076
1.584,0.346,0.396,-8.606,-266.663,-197.571
1.452,0.596,0.564,-0.610,-278.381,-141.174
1.261,0.784,0.719,6.226,-252.075,-105.652
1.117,0.827,0.662,5.127,-191.162,-89.539
0.939,0.843,0.528,2.136,-126.709,-83.191
0.755,0.808,0.411,7.263,-73.669,-88.196
0.615,0.766,0.315,14.160,-34.546,-94.299
0.464,0.741,0.268,17.456,-12.451,-94.360
0.326,0.758,0.272,18.311,-7.690,-89.783
0.224,0.785,0.345,19.409,-14.648,-84.229
0.147,0.816,0.447,16.663,-24.658,-78.308
0.072,0.863,0.524,7.751,-29.907,-72.083
0.064,0.883,0.510,-2.197,-25.024,-70.618
0.097,0.865,0.434,-8.789,-14.282,-74.646
0.120,0.822,0.330,-12.390,-2.319,-79.041
0.157,0.759,0.210,-13.855,10.315,-79.346
0.202,0.724,0.076,-11.902,17.639,-72.083
0.205,0.712,-0.008,-7.629,13.123,-58.350
0.199,0.721,-0.034,-1.709,-0.244,-40.405
0.178,0.725,-0.042,4.272,-13.977,-20.569
0.136,0.754,0.002,10.071,-23.010,-3.601
0.073,0.792,0.083,13.855,-24.475,9.644
-0.015,0.851,0.146,15.015,-22.156,20.020
-0.118,0.874,0.223,15.259,-18.738,26.001
-0.226,0.902,0.251,13.916,-15.625,29.297
-0.291,0.912,0.246,11.108,-14.221,30.823
-0.328,0.911,0.238,7.629,-13.977,30.945
-0.348,0.914,0.224,5.310,-12.390,29.419
-0.357,0.919,0.223,5.127,-9.033,26.001
-0.357,0.917,0.216,5.127,-3.540,21.057
-0.348,0.917,0.219,5.188,3.479,16.357
-0.355,0.927,0.236,5.310,9.949,13.306
-0.399,0.923,0.247,4.761,15.198,11.047
-0.444,0.902,0.244,4.395,18.494,6.836
-0.448,0.905,0.246,4.822,15.747,3.418
-0.449,0.902,0.250,4.089,8.118,2.441
-0.432,0.912,0.245,2.014,1.587,2.319
-0.406,0.917,0.236,1.282,-0.977,1.709
-0.385,0.911,0.218,1.709,-0.793,1.221
-0.372,0.904,0.214,2.014,-0.183,1.648
-0.368,0.904,0.206,1.892,0.977,3.479
-0.364,0.900,0.205,2.075,2.869,5.371
-0.383,0.912,0.217,2.747,3.540,7.141
-0.412,0.921,0.224,3.174,4.761,8.179
-0.436,0.912,0.227,4.028,6.287,7.812
-0.451,0.910,0.240,4.395,5.676,6.470
-0.461,0.922,0.262,3.845,2.930,4.944
-0.457,0.939,0.281,3.174,0.061,3.540
-0.454,0.943,0.297,2.075,-1.770,2.747
-0.442,0.939,0.299,0.061,-2.319,1.892
-0.430,0.941,0.300,-1.648,-2.625,0.732
-0.411,0.934,0.292,-2.991,-1.953,-1.160
-0.384,0.918,0.284,-3.479,0.549,-3.357
-0.367,0.903,0.272,-3.540,4.944,-5.249
-0.340,0.891,0.256,-3.784,9.521,-5.798
-0.316,0.875,0.244,-3.601,11.963,-5.981
-0.317,0.862,0.237,-2.075,12.512,-4.944
-0.320,0.855,0.237,-0.610,11.414,-3.418
-0.314,0.859,0.262,0.000,6.470,-0.916
-0.320,0.880,0.297,-0.061,-0.610,3.113
-0.323,0.891,0.315,-1.282,-5.005,6.897
-0.328,0.882,0.310,-2.991,-4.822,8.240
-0.336,0.872,0.287,-4.211,-2.136,7.568
-0.338,0.863,0.268,-4.395,0.488,6.226
-0.334,0.851,0.247,-4.517,2.502,5.615
-0.332,0.851,0.235,-3.662,4.517,5.493
-0.337,0.850,0.227,-2.502,6.958,5.676
-0.353,0.846,0.211,-1.892,9.521,6.104
-0.364,0.841,0.212,-0.549,10.254,6.531
-0.387,0.854,0.235,0.793,7.629,7.446
-0.399,0.855,0.261,-0.305,4.517,8.301
-0.421,0.857,0.270,-2.197,3.052,8.057
-0.440,0.856,0.252,-3.418,3.052,5.859
-0.420,0.846,0.229,-3.845,0.854,3.601
-0.406,0.848,0.223,-4.700,-4.028,4.028
-0.394,0.857,0.217,-5.554,-6.653,5.005
-0.375,0.859,0.217,-5.493,-4.639,3.967
-0.372,0.856,0.213,-4.272,0.122,2.380
