aX,aY,aZ,gX,gY,gZ
-0.911,-0.334,1.479,-47.913,-139.832,-54.688
-0.953,-0.191,1.181,-109.680,-111.206,-85.388
-0.723,-0.098,1.220,-138.184,-59.509,-104.370
-0.592,-0.065,1.250,-137.939,-26.489,-100.830
-0.532,-0.149,1.379,-124.023,-11.047,-85.205
-0.541,-0.127,1.433,-120.300,-9.949,-75.562
-0.567,-0.071,1.529,-132.019,-13.794,-71.228
-0.716,-0.022,1.599,-151.428,-19.714,-74.646
-0.779,0.213,1.679,-162.537,-24.719,-84.412
-0.773,0.337,1.608,-149.963,-17.822,-103.088
-0.607,0.038,1.713,-129.761,-5.249,-131.958
-0.726,-0.146,1.496,-156.006,-10.315,-142.578
-0.563,-0.146,1.368,-174.683,-13.489,-150.391
-0.368,-0.108,1.237,-168.030,-30.823,-150.818
-0.207,-0.021,1.161,-152.161,-60.852,-136.230
-0.367,0.141,1.104,-133.667,-98.877,-110.840
-0.567,0.244,1.150,-123.291,-119.202,-88.196
-0.590,0.308,1.190,-125.549,-113.525,-89.722
-0.557,0.303,1.129,-134.827,-102.661,-99.548
-0.607,0.238,1.019,-144.592,-94.543,-109.131
-0.489,0.338,0.879,-153.564,-84.351,-131.042
-0.455,0.401,0.802,-155.396,-76.477,-140.320
-0.557,0.393,0.802,-155.884,-78.735,-136.536
-0.632,0.438,0.736,-154.785,-79.834,-136.719
-0.656,0.476,0.674,-149.475,-73.364,-136.230
-0.665,0.484,0.693,-142.273,-69.031,-135.254
-0.633,0.559,0.632,-147.095,-65.002,-128.479
-0.613,0.548,0.564,-156.677,-67.810,-115.356
-0.613,0.442,0.429,-164.429,-80.811,-88.928
-0.604,0.377,0.310,-159.851,-111.938,-38.635
-0.605,0.483,0.229,-155.518,-148.926,12.207
-0.502,0.654,0.260,-146.240,-171.509,21.057
-0.445,0.715,0.270,-127.930,-183.167,12.146
-0.417,0.700,0.255,-113.525,-183.777,4.822
-0.385,0.699,0.190,-106.750,-175.232,-4.089
-0.336,0.734,0.129,-108.887,-161.865,-21.423
-0.343,0.741,0.077,-106.750,-153.503,-37.170
-0.311,0.737,-0.012,-91.858,-155.151,-47.302
-0.210,0.734,-0.119,-84.534,-157.471,-53.955
-0.093,0.720,-0.214,-91.614,-155.212,-58.594
0.041,0.723,-0.294,-96.069,-150.330,-63.293
0.145,0.692,-0.352,-91.919,-143.555,-70.313
0.241,0.682,-0.396,-87.585,-132.629,-80.383
0.364,0.680,-0.401,-86.060,-117.981,-89.172
0.528,0.631,-0.406,-82.947,-104.431,-89.355
0.718,0.601,-0.406,-79.712,-91.980,-84.351
0.923,0.596,-0.430,-71.350,-84.961,-70.435
1.094,0.590,-0.456,-61.584,-80.933,-49.133
1.236,0.562,-0.465,-52.124,-75.745,-23.804
1.402,0.534,-0.489,-40.894,-66.284,1.770
1.606,0.506,-0.471,-27.832,-50.354,26.123
1.773,0.483,-0.472,-15.503,-29.358,50.720
1.916,0.450,-0.443,-3.357,-3.967,75.073
1.991,0.396,-0.351,10.559,23.621,100.952
1.926,0.360,-0.207,22.400,50.171,133.301
1.793,0.300,0.028,31.738,71.533,170.105
1.579,0.223,0.299,38.818,86.914,208.435
1.260,0.120,0.541,39.368,95.581,244.873
0.958,-0.031,0.714,37.415,100.769,277.893
0.770,-0.208,0.818,39.612,101.501,311.829
0.646,-0.380,0.918,42.175,97.351,347.107
0.504,-0.552,0.995,39.063,92.285,380.066
0.311,-0.731,1.065,32.043,91.492,407.410
0.092,-0.939,1.160,26.184,98.877,427.185
-0.275,-1.218,1.224,21.057,112.549,440.308
-0.656,-1.488,1.277,17.944,122.131,444.763
-0.988,-1.681,1.426,22.034,117.737,448.792
-1.384,-1.799,1.545,19.165,102.112,458.984
-1.837,-1.975,1.531,9.583,82.275,458.679
-2.120,-2.042,1.499,6.592,58.899,435.059
-2.258,-2.042,1.447,7.080,33.997,406.555
-2.468,-2.208,1.239,3.479,15.442,381.470
-2.670,-2.307,1.027,3.967,-0.183,342.224
-2.750,-2.202,0.897,15.015,-11.169,289.978
-2.693,-2.039,0.781,28.320,-13.489,238.037
-2.564,-1.901,0.604,33.264,-5.432,192.078
-2.366,-1.878,0.477,28.748,10.132,151.001
-2.107,-1.867,0.365,19.165,34.546,114.441
-1.921,-1.837,0.276,11.353,65.674,83.740
-1.864,-1.820,0.251,5.371,92.346,60.425
-2.176,-1.949,0.140,1.465,109.070,41.504
-2.775,-2.058,-0.042,2.747,104.248,9.521
-3.158,-1.956,0.015,30.945,63.660,-40.710
-3.139,-1.888,0.257,71.167,-4.456,-83.435
-2.905,-1.798,0.465,96.191,-73.608,-101.257
-2.706,-1.656,0.547,108.398,-120.911,-109.802
-2.570,-1.559,0.552,121.826,-137.573,-128.662
-2.409,-1.517,0.442,137.146,-126.282,-153.992
-2.292,-1.486,0.359,156.067,-105.774,-183.167
-2.233,-1.396,0.390,178.467,-94.788,-216.125
-2.085,-1.222,0.607,201.904,-97.839,-245.056
-1.924,-0.974,0.933,219.910,-116.028,-266.907
-1.809,-0.667,1.227,226.318,-138.428,-286.316
-1.636,-0.397,1.416,223.450,-152.344,-310.364
-1.406,-0.231,1.486,211.548,-158.630,-339.600
-1.220,-0.176,1.448,191.833,-159.973,-372.131
-0.888,-0.214,1.313,171.875,-157.349,-406.067
-0.552,-0.288,1.188,159.729,-163.513,-431.396
-0.147,-0.307,1.000,149.536,-178.040,-439.209
0.393,-0.289,0.834,144.958,-195.984,-430.725
0.845,-0.233,0.618,144.958,-218.506,-407.043
1.267,-0.100,0.363,149.414,-240.967,-373.474
1.597,0.055,0.130,163.147,-263.916,-330.200
1.764,0.263,0.021,177.185,-278.564,-281.006
1.769,0.561,0.131,184.448,-271.973,-240.845
1.648,0.896,0.358,181.152,-238.342,-217.102
1.339,0.953,0.634,167.969,-186.401,-214.294
1.111,1.142,0.734,138.794,-120.422,-245.605
1.115,1.142,0.573,111.206,-50.720,-268.555
1.259,0.910,0.327,100.342,-10.925,-263.428
1.291,0.759,0.119,97.290,-13.000,-217.468
1.148,0.756,0.034,98.022,-38.879,-151.917
0.960,0.818,0.073,109.192,-62.500,-99.182
0.873,0.932,0.200,122.620,-70.190,-69.397
0.833,1.085,0.433,128.235,-66.284,-55.115
0.561,1.213,0.571,124.878,-61.279,-53.955
0.296,1.318,0.736,126.343,-45.166,-78.979
0.152,1.369,0.718,130.981,-16.541,-117.493
0.183,1.274,0.638,138.123,9.583,-150.269
-1.096,-1.475,1.369,52.185,144.287,343.262
-1.615,-1.475,1.561,49.927,119.324,359.070
-2.138,-1.422,1.703,41.870,93.445,361.877
-2.636,-1.349,1.714,30.090,70.313,352.051
-2.958,-1.283,1.600,17.395,49.622,329.041
-3.036,-1.306,1.411,8.179,31.189,299.683
-3.029,-1.447,1.152,1.404,10.681,274.780
-3.023,-1.541,0.890,-2.991,-15.137,254.822
-3.104,-1.644,0.620,-0.244,-41.077,236.328
-3.131,-1.686,0.392,11.780,-63.660,209.900
-2.990,-1.562,0.307,30.090,-83.740,171.997
-2.920,-1.559,0.244,45.105,-94.543,132.629
-2.798,-1.492,0.190,53.101,-90.637,87.830
-2.776,-1.456,0.192,60.791,-82.947,47.363
-2.732,-1.360,0.184,65.063,-72.327,5.310
-2.636,-1.292,0.196,67.810,-63.721,-35.095
-2.525,-1.273,0.162,65.430,-60.974,-70.313
-2.442,-1.255,0.084,64.087,-63.538,-99.304
-2.360,-1.258,-0.049,71.716,-66.833,-125.916
-2.195,-1.273,-0.161,88.074,-71.960,-150.024
-1.956,-1.249,-0.185,108.032,-81.421,-166.016
-1.738,-1.151,-0.101,125.549,-96.985,-170.044
-1.588,-0.988,0.019,138.306,-111.755,-168.396
-1.463,-0.808,0.178,149.048,-120.361,-169.128
-1.369,-0.606,0.325,158.142,-123.718,-175.293
-1.370,-0.409,0.430,162.354,-125.183,-186.768
-1.375,-0.225,0.487,162.476,-121.765,-205.444
-1.336,-0.081,0.532,164.917,-112.671,-230.896
-1.331,0.041,0.583,158.936,-103.577,-264.404
-1.211,0.211,0.549,138.916,-93.628,-294.189
-0.900,0.221,0.502,139.282,-91.797,-321.533
-0.533,0.215,0.439,143.677,-106.750,-333.557
-0.256,0.261,0.377,138.000,-133.301,-318.726
-0.036,0.316,0.324,131.958,-158.142,-289.734
0.105,0.361,0.259,132.202,-175.903,-260.803
0.187,0.443,0.225,135.681,-185.242,-236.755
0.286,0.555,0.233,142.456,-186.157,-222.290
0.498,0.653,0.243,158.691,-180.115,-215.942
0.804,0.761,0.411,178.833,-173.523,-208.984
0.957,0.959,0.579,177.979,-171.265,-192.139
0.927,1.243,0.722,167.175,-166.992,-178.284
0.821,1.371,0.832,159.790,-152.710,-171.814
0.796,1.457,0.808,132.202,-124.634,-172.974
0.815,1.420,0.653,98.145,-87.341,-182.434
0.873,1.279,0.469,81.970,-52.673,-185.913
0.901,1.180,0.307,71.106,-31.616,-177.795
0.955,1.113,0.151,63.416,-24.597,-156.433
1.011,1.045,0.055,65.063,-32.227,-121.826
0.966,1.035,0.067,68.420,-51.758,-77.942
0.771,1.131,0.143,67.383,-72.510,-35.522
0.542,1.224,0.243,63.965,-80.444,-9.766
0.354,1.244,0.289,59.509,-69.702,-3.723
0.190,1.191,0.293,54.199,-47.485,-11.902
0.063,1.155,0.266,46.692,-22.949,-28.259
-0.040,1.109,0.215,36.316,0.916,-46.936
-0.063,1.067,0.150,30.762,22.888,-67.261
0.022,1.031,0.085,32.776,38.025,-83.984
0.121,0.928,0.054,35.156,36.377,-84.778
0.118,0.930,0.051,39.490,15.320,-70.068
0.136,0.997,0.086,40.039,-2.075,-49.927
0.056,1.023,0.110,30.151,-10.681,-20.386
-0.067,1.004,0.062,11.780,-14.648,7.507
-0.155,0.978,0.038,5.127,-15.991,17.944
-0.211,0.985,0.039,6.592,-15.198,18.433
-0.278,0.990,0.038,4.272,-12.451,14.160
-0.322,0.972,0.019,1.221,-4.211,7.324
-0.337,0.922,-0.023,0.183,5.920,0.000
-0.357,0.890,-0.057,-0.793,13.184,-5.737
-0.337,0.890,-0.067,-2.319,19.287,-10.498
-0.310,0.887,-0.066,-2.075,23.315,-13.672
-0.296,0.883,-0.075,-0.854,23.193,-14.709
-0.283,0.878,-0.075,1.099,20.691,-12.329
-0.287,0.876,-0.065,2.197,17.700,-7.507
-0.323,0.891,-0.058,2.930,15.137,-2.563
-0.345,0.889,-0.055,4.578,12.878,0.610
-0.347,0.879,-0.045,6.409,10.925,2.747
-0.347,0.886,-0.016,7.812,8.911,4.761
-0.363,0.915,0.010,8.362,7.629,5.432
-0.374,0.918,0.014,9.399,6.287,4.822
-0.372,0.910,0.015,11.536,4.456,4.456
-0.377,0.916,0.036,13.428,1.282,5.310
-0.406,0.950,0.064,13.855,-2.502,6.836
-0.435,0.969,0.071,13.794,-5.249,8.118
-0.437,0.965,0.080,13.367,-7.690,8.667
-0.426,0.973,0.082,11.719,-9.888,9.277
-0.417,0.973,0.095,11.108,-10.925,8.789
-0.414,0.988,0.102,9.705,-10.498,6.531
-0.410,0.981,0.098,7.446,-8.423,3.540
-0.406,0.971,0.078,5.432,-5.981,0.122
-0.385,0.958,0.060,1.953,-2.380,-2.014
-0.385,0.935,0.041,-0.305,-0.549,-1.404
-0.388,0.923,0.030,0.732,-1.831,-1.160
-0.381,0.921,0.022,1.709,-4.761,-0.854
-0.354,0.912,0.010,2.197,-7.935,1.953
-0.333,0.908,0.007,1.587,-11.475,7.141
-0.334,0.927,0.022,0.488,-14.038,11.169
-0.351,0.946,0.040,0.244,-14.160,12.207
-0.373,0.948,0.031,-0.366,-11.475,10.803
-0.385,0.939,0.010,-0.916,-7.324,7.751
-0.391,0.926,0.001,-1.343,-4.150,4.333
-0.374,0.917,-0.009,-1.160,-1.160,0.977
-0.350,0.910,-0.011,-0.610,1.404,-1.648
-0.358,0.909,-0.016,-0.305,2.502,-2.502
-0.372,0.897,-0.021,0.183,2.075,-2.197
-0.364,0.888,-0.021,1.587,0.061,-1.343
-0.349,0.897,-0.015,2.686,-3.662,0.793
-0.328,0.905,-0.012,3.052,-8.057,4.517
-0.304,0.907,-0.006,3.357,-11.353,7.996
-0.292,0.919,0.001,3.906,-12.024,9.521
-0.301,0.928,0.005,4.395,-10.437,9.521
-0.313,0.923,0.008,4.639,-7.874,8.057
-0.325,0.922,-0.001,4.639,-4.700,5.676
-0.337,0.909,-0.008,5.127,-1.648,2.563
-0.341,0.905,-0.013,5.615,0.549,-0.122
-0.334,0.910,-0.011,6.287,1.709,-1.648
-0.318,0.913,0.002,6.653,2.136,-2.319
-0.303,0.930,0.014,6.165,2.625,-2.014
-0.305,0.927,0.017,5.432,1.831,-0.488
-0.330,0.932,0.019,3.845,0.000,1.892
-0.894,-1.138,0.922,-6.409,133.179,275.879
-1.145,-1.197,1.002,-5.005,120.789,286.865
-1.365,-1.235,1.056,-5.310,110.168,292.847
-1.567,-1.332,1.045,-7.080,101.318,295.898
-1.739,-1.448,0.976,-9.338,88.867,295.166
-1.930,-1.576,0.868,-9.399,68.237,292.847
-2.103,-1.702,0.713,-7.812,41.748,289.307
-2.229,-1.783,0.603,-2.014,9.033,283.569
-2.309,-1.819,0.474,4.761,-26.123,280.823
-2.267,-1.801,0.377,9.033,-56.641,277.710
-2.327,-1.829,0.277,12.939,-77.393,269.287
-2.303,-1.838,0.115,15.869,-75.378,249.146
-2.336,-1.878,0.030,22.156,-62.134,223.633
-2.460,-1.969,-0.115,24.414,-38.940,183.350
-2.673,-1.897,-0.252,24.597,-3.296,123.413
-2.731,-1.952,-0.397,39.673,15.564,57.617
-2.584,-1.987,-0.466,63.721,18.799,-3.601
-2.564,-1.877,-0.394,70.801,8.545,-45.959
-2.506,-1.831,-0.372,77.637,-3.174,-73.181
-2.382,-1.746,-0.332,89.600,-16.174,-98.938
-2.235,-1.684,-0.278,108.459,-29.175,-127.258
-2.120,-1.585,-0.278,128.113,-37.842,-150.452
-2.031,-1.516,-0.313,145.508,-41.565,-169.678
-1.884,-1.461,-0.299,166.992,-44.861,-189.697
-1.741,-1.332,-0.204,191.589,-50.537,-206.543
-1.618,-1.177,-0.028,212.036,-58.838,-219.055
-1.488,-1.037,0.168,224.243,-64.636,-229.126
-1.374,-0.890,0.352,230.713,-67.688,-241.150
-1.264,-0.687,0.549,236.755,-69.092,-256.104
-1.153,-0.530,0.695,240.112,-71.716,-274.170
-1.006,-0.325,0.768,235.901,-77.332,-290.588
-0.845,-0.167,0.789,233.093,-88.257,-298.645
-0.697,-0.053,0.762,231.384,-99.976,-298.523
-0.573,0.061,0.701,224.243,-109.070,-292.786
-0.519,0.149,0.665,215.454,-117.371,-287.170
-0.453,0.241,0.654,209.778,-122.986,-283.142
-0.251,0.364,0.649,207.581,-126.099,-276.855
0.083,0.437,0.706,208.679,-134.888,-256.409
0.333,0.580,0.857,203.491,-155.396,-221.680
0.345,0.815,0.996,188.110,-178.772,-181.274
0.287,1.068,1.055,175.598,-188.354,-154.236
0.325,1.227,1.045,170.044,-179.138,-144.470
0.454,1.320,0.956,164.124,-159.058,-144.287
0.557,1.303,0.806,157.715,-135.925,-140.442
0.666,1.230,0.704,152.771,-113.647,-139.771
0.800,1.269,0.619,135.498,-94.666,-147.705
0.788,1.262,0.583,121.948,-78.308,-137.085
0.728,1.298,0.584,110.046,-59.204,-124.146
0.672,1.359,0.579,95.825,-41.565,-108.887
0.570,1.370,0.581,84.351,-32.349,-91.003
0.419,1.381,0.572,74.829,-29.785,-76.538
0.299,1.385,0.557,66.284,-25.818,-68.481
0.273,1.369,0.524,55.237,-18.555,-63.232
0.273,1.336,0.483,45.105,-14.038,-55.481
0.229,1.299,0.438,36.682,-11.719,-47.485
0.177,1.271,0.390,28.198,-8.057,-40.771
0.126,1.243,0.354,21.912,-2.502,-35.645
0.048,1.213,0.324,16.968,6.042,-35.950
-0.020,1.161,0.273,14.954,16.174,-41.321
-0.061,1.089,0.215,14.099,23.682,-45.227
-0.122,0.988,0.123,7.568,24.048,-38.208
-0.211,0.907,0.018,-4.211,16.724,-21.912
-0.261,0.857,-0.065,-12.939,5.188,-3.723
-0.299,0.830,-0.089,-15.259,-7.019,10.498
-0.338,0.841,-0.092,-14.832,-15.320,18.616
-0.354,0.837,-0.106,-13.794,-17.090,21.179
-0.375,0.812,-0.132,-12.451,-14.099,19.165
-0.400,0.806,-0.161,-10.864,-7.812,13.306
-0.437,0.785,-0.194,-8.301,0.122,5.981
-0.476,0.754,-0.227,-6.226,7.446,-0.671
-0.511,0.743,-0.241,-4.578,12.634,-4.883
-0.545,0.736,-0.239,-3.174,15.808,-7.690
-0.570,0.724,-0.238,-1.709,16.357,-9.521
-0.563,0.725,-0.226,0.488,14.099,-8.911
-0.559,0.744,-0.201,2.136,9.521,-6.104
-0.553,0.768,-0.166,3.662,5.127,-3.967
-0.537,0.799,-0.126,5.554,2.686,-3.784
-0.530,0.834,-0.085,7.019,3.601,-5.554
-0.536,0.866,-0.053,7.507,7.507,-9.827
-0.536,0.875,-0.035,7.935,13.184,-15.808
-0.511,0.873,-0.016,8.606,17.517,-21.240
-0.485,0.878,-0.007,8.179,18.311,-22.827
-0.460,0.872,-0.010,7.141,16.113,-20.691
-0.440,0.867,-0.008,6.531,11.475,-15.625
-0.438,0.875,-0.002,5.127,5.859,-8.057
-0.450,0.890,0.008,3.540,-0.916,-0.671
-0.467,0.904,0.022,2.625,-6.958,5.432
-0.475,0.923,0.038,2.258,-9.949,7.812
-0.495,0.936,0.026,1.892,-10.742,7.324
-0.500,0.924,0.009,1.526,-9.277,5.554
-0.465,0.904,-0.006,0.793,-5.554,2.319
-0.436,0.893,-0.019,1.160,-1.587,-1.099
-0.430,0.888,-0.025,1.526,2.258,-3.601
-0.432,0.875,-0.051,1.282,6.470,-5.066
-0.423,0.851,-0.073,1.404,9.460,-5.005
-0.409,0.834,-0.071,1.892,9.460,-3.052
-0.423,0.847,-0.043,2.808,5.981,0.732
-0.452,0.883,-0.015,3.418,0.488,5.615
-0.476,0.895,-0.003,3.113,-3.601,10.132
-0.496,0.898,-0.012,1.831,-5.005,12.512
-0.518,0.891,-0.019,1.099,-4.578,12.085
-0.537,0.891,-0.029,0.366,-3.357,9.766
-0.534,0.892,-0.035,0.732,-0.854,5.615
-0.523,0.894,-0.038,0.916,2.747,0.916
-0.514,0.885,-0.047,0.732,7.324,-3.479
-0.518,0.863,-0.073,0.549,10.742,-6.897
-0.515,0.839,-0.094,0.488,10.986,-7.812
-0.493,0.827,-0.098,1.343,7.935,-5.859
-0.473,0.834,-0.084,1.953,2.808,-1.831
-0.463,0.851,-0.066,1.770,-1.526,2.441
-0.467,0.863,-0.061,1.587,-4.211,5.493
-0.466,0.860,-0.054,1.404,-5.615,6.714
-0.476,0.861,-0.054,1.221,-6.226,7.324
-0.490,0.862,-0.054,0.549,-5.493,6.653
-0.492,0.854,-0.061,0.122,-3.296,4.395
-0.474,0.844,-0.073,0.488,-0.122,1.038
-0.458,0.835,-0.080,1.099,2.686,-1.587
-0.447,0.833,-0.078,2.258,3.418,-2.136
-0.447,0.839,-0.080,2.869,2.258,-0.549
-0.986,-1.449,1.046,-28.564,114.258,295.471
-1.334,-1.608,1.025,-26.306,105.347,298.462
-1.642,-1.731,0.975,-20.569,90.759,299.683
-1.897,-1.854,0.899,-15.442,71.350,304.199
-2.110,-2.028,0.762,-11.963,48.279,312.683
-2.253,-2.163,0.593,-10.864,21.667,322.266
-2.305,-2.269,0.479,-11.169,-6.531,332.336
-2.403,-2.378,0.288,-14.832,-30.029,338.684
-2.622,-2.555,-0.007,-16.846,-43.884,337.036
-2.950,-2.735,-0.340,-11.597,-54.138,314.392
-3.091,-2.718,-0.518,5.249,-58.289,264.404
-3.109,-2.664,-0.665,31.311,-56.824,204.468
-3.142,-2.591,-0.722,56.946,-44.678,141.113
-3.090,-2.508,-0.791,73.486,-6.042,72.083
-3.102,-2.617,-0.988,91.614,35.156,0.183
-3.064,-2.569,-1.105,126.343,55.969,-71.350
-2.891,-2.571,-1.067,167.969,53.162,-130.127
-2.708,-2.470,-0.744,204.041,18.921,-155.945
-2.452,-2.184,-0.242,220.947,-21.179,-162.964
-2.250,-1.899,0.352,236.511,-52.185,-178.589
-2.137,-1.535,0.826,242.004,-63.843,-203.857
-2.130,-1.150,1.129,242.920,-61.523,-237.366
-2.173,-0.741,1.340,243.469,-54.565,-285.339
-2.050,-0.441,1.500,242.065,-42.725,-346.191
-1.610,-0.219,1.613,231.812,-32.837,-407.288
-0.978,-0.101,1.730,219.482,-43.396,-445.679
-0.372,0.053,1.793,212.158,-81.238,-452.332
0.159,0.245,1.775,205.688,-127.441,-424.683
0.480,0.462,1.672,196.777,-170.715,-377.747
0.609,0.728,1.550,195.007,-202.759,-331.604
0.633,0.947,1.519,199.585,-215.332,-297.424
0.630,1.099,1.484,195.068,-209.290,-279.053
0.774,1.173,1.366,182.556,-188.599,-271.729
0.937,1.232,1.285,176.086,-176.880,-260.498
1.054,1.333,1.171,162.781,-179.932,-232.605
1.179,1.397,1.061,144.592,-188.965,-191.833
1.188,1.445,0.955,130.493,-198.914,-145.935
1.099,1.513,0.850,117.859,-198.608,-110.229
1.013,1.552,0.724,104.858,-180.420,-95.947
0.865,1.423,0.577,101.135,-151.184,-94.788
0.829,1.447,0.456,105.957,-119.507,-111.267
0.779,1.410,0.397,104.004,-84.839,-136.292
0.692,1.327,0.357,84.351,-49.805,-142.334
0.719,1.287,0.283,52.734,-17.883,-135.437
0.798,1.255,0.199,33.997,-5.127,-112.488
0.805,1.220,0.167,31.616,-16.174,-76.172
0.718,1.227,0.164,30.640,-40.039,-35.889
0.593,1.259,0.201,29.236,-57.312,-4.089
0.400,1.253,0.225,27.039,-60.547,15.015
0.156,1.228,0.279,23.010,-49.438,17.029
0.084,1.193,0.236,12.817,-20.630,5.432
-0.025,1.104,0.154,0.122,4.333,-1.465
-0.112,1.021,0.080,-3.845,22.217,-12.756
-0.129,0.923,0.059,-2.136,36.072,-28.259
-0.214,0.901,-0.070,-3.967,44.312,-32.654
-0.210,0.859,-0.078,-4.150,48.767,-37.964
-0.175,0.764,-0.145,0.183,45.898,-29.785
-0.212,0.738,-0.215,-1.099,27.649,-1.953
-0.319,0.754,-0.217,-5.981,2.258,27.466
-0.432,0.824,-0.174,-7.568,-15.869,44.922
-0.543,0.871,-0.127,-6.836,-22.705,48.035
-0.607,0.868,-0.123,-7.080,-19.104,41.260
-0.625,0.851,-0.156,-8.301,-10.681,30.457
-0.601,0.830,-0.192,-8.301,-2.502,16.174
-0.540,0.805,-0.202,-4.333,5.371,0.061
-0.487,0.785,-0.209,-0.793,13.000,-11.536
-0.453,0.779,-0.210,0.427,18.677,-17.395
-0.439,0.771,-0.204,1.953,20.996,-18.372
-0.432,0.773,-0.178,3.845,20.325,-16.418
-0.401,0.797,-0.131,5.188,15.930,-12.878
-0.386,0.835,-0.090,5.981,7.812,-4.517
-0.394,0.867,-0.064,6.531,0.671,4.150
-0.401,0.884,-0.026,8.545,-2.625,7.629
-0.437,0.897,0.021,10.193,-1.648,5.737
-0.479,0.910,0.019,8.301,2.319,1.282
-0.489,0.901,-0.001,4.089,5.493,-0.793
-0.465,0.881,-0.021,1.770,6.531,-1.282
-0.438,0.885,-0.019,2.319,7.446,-2.991
-0.421,0.891,-0.019,2.014,9.949,-4.395
-0.396,0.888,-0.026,2.014,14.282,-5.737
-0.379,0.867,-0.024,3.845,17.578,-7.141
-0.384,0.873,-0.020,4.578,15.686,-5.249
-0.415,0.870,-0.033,2.869,10.071,0.916
-0.435,0.872,-0.036,0.427,4.700,8.728
-0.456,0.879,-0.036,0.122,1.282,14.587
-0.475,0.884,-0.026,0.732,0.732,16.479
-0.490,0.884,-0.018,0.549,2.136,15.381
-0.523,0.878,-0.019,0.977,2.380,13.184
-0.547,0.877,-0.020,1.160,0.671,12.329
-0.552,0.868,-0.037,-0.366,-1.892,12.512
-0.532,0.856,-0.057,-2.319,-3.479,12.146
-0.520,0.851,-0.069,-2.808,-3.723,10.559
-0.519,0.846,-0.082,-2.136,-2.502,7.751
-0.522,0.840,-0.091,-0.244,-0.732,4.089
-0.523,0.844,-0.096,0.977,0.977,0.854
-0.515,0.845,-0.098,1.587,3.052,-2.014
-0.501,0.840,-0.099,2.991,4.822,-4.456
-0.476,0.840,-0.092,5.188,4.944,-5.005
-0.451,0.845,-0.074,7.019,2.380,-3.296
-0.449,0.856,-0.061,7.996,-2.686,0.305
-0.453,0.879,-0.038,7.568,-6.836,4.150
-0.456,0.897,-0.018,5.127,-7.996,6.470
-0.459,0.895,-0.025,3.479,-6.470,6.287
-0.457,0.884,-0.043,2.808,-3.967,4.395
-0.443,0.865,-0.058,2.686,-0.854,2.136
-0.451,0.859,-0.058,2.686,1.770,0.366
-0.472,0.861,-0.066,2.563,3.113,-0.732
-0.463,0.848,-0.072,2.686,3.540,-1.038
-0.458,0.847,-0.071,2.808,2.930,0.061
-0.461,0.853,-0.062,3.052,2.686,0.854
-0.456,0.856,-0.051,3.845,3.357,0.244
-0.464,0.859,-0.052,4.395,3.235,-0.366
-0.457,0.858,-0.056,4.150,2.563,0.183
-0.446,0.846,-0.065,3.479,1.892,1.587
-0.445,0.837,-0.068,2.991,0.488,3.296
-0.432,0.837,-0.062,3.113,-1.038,4.395
-0.439,0.838,-0.062,3.662,-2.136,5.737
-0.453,0.832,-0.073,3.906,-3.052,7.385
-0.460,0.829,-0.074,4.517,-3.296,8.484
-1.177,-0.884,0.969,-70.496,66.528,253.601
-1.336,-1.108,0.786,-71.228,68.298,249.268
-1.456,-1.305,0.628,-69.458,64.941,249.207
-1.583,-1.504,0.494,-66.589,56.641,254.822
-1.691,-1.656,0.373,-65.002,47.119,263.367
-1.941,-1.879,0.187,-63.354,37.476,273.376
-2.240,-2.016,0.033,-55.420,24.231,271.423
-2.499,-2.095,-0.076,-39.001,7.324,258.667
-2.693,-2.153,-0.161,-21.912,-11.841,242.371
-2.820,-2.156,-0.207,-6.592,-32.898,222.900
-2.909,-2.139,-0.271,9.277,-49.805,196.716
-2.975,-2.125,-0.298,26.428,-57.251,160.095
-2.871,-2.085,-0.394,41.077,-47.485,117.004
-2.884,-2.153,-0.514,56.763,-32.288,79.163
-2.958,-2.223,-0.691,73.792,-14.648,38.818
-2.986,-2.253,-0.831,99.121,-5.005,-6.165
-2.946,-2.292,-0.839,133.118,-12.695,-43.701
-2.866,-2.220,-0.655,165.222,-31.006,-71.533
-2.712,-2.170,-0.422,198.853,-50.110,-97.473
-2.679,-2.069,-0.231,225.342,-65.369,-119.507
-2.684,-1.896,-0.038,236.145,-78.613,-141.296
-2.673,-1.724,0.143,255.005,-90.515,-170.532
-2.498,-1.582,0.327,277.588,-99.792,-207.275
-2.288,-1.321,0.613,284.973,-107.849,-246.399
-2.021,-1.142,0.944,293.640,-108.887,-287.781
-1.758,-0.881,1.230,291.626,-98.572,-338.806
-1.545,-0.646,1.431,278.687,-79.773,-395.508
-1.253,-0.588,1.572,267.944,-57.068,-458.984
-0.682,-0.587,1.598,257.202,-40.344,-518.005
0.149,-0.626,1.541,250.854,-53.528,-542.175
1.079,-0.536,1.592,247.681,-107.727,-508.362
1.878,-0.180,1.745,237.976,-194.275,-418.579
2.177,0.411,1.863,219.116,-284.485,-293.030
2.075,1.018,1.876,197.571,-339.783,-170.715
1.819,1.453,1.848,182.434,-338.989,-90.088
1.566,1.706,1.797,172.485,-294.434,-62.134
1.354,1.832,1.692,162.964,-228.210,-75.500
1.247,1.868,1.479,149.475,-157.593,-107.117
1.249,1.781,1.221,132.935,-97.839,-137.085
1.294,1.669,0.979,119.507,-55.115,-152.832
1.451,1.733,0.768,114.136,-31.067,-150.024
1.372,1.493,0.655,118.896,-28.015,-121.887
1.287,1.543,0.687,105.530,-33.264,-106.628
1.133,1.516,0.613,80.505,-25.024,-70.496
0.873,1.481,0.513,51.270,-13.611,-21.484
0.574,1.486,0.493,26.245,-13.000,13.977
0.303,1.446,0.497,22.522,-17.395,28.381
0.112,1.390,0.478,23.254,-17.883,29.480
-0.031,1.314,0.409,15.503,-12.024,19.714
-0.123,1.200,0.307,11.658,1.221,-0.427
-0.257,1.057,0.225,13.672,18.005,-24.780
-0.232,0.959,0.120,11.536,37.537,-45.105
-0.176,0.854,0.005,1.221,44.495,-42.969
-0.190,0.824,-0.057,-5.432,32.043,-25.757
-0.170,0.821,0.015,-5.676,16.724,-15.259
-0.290,0.911,0.007,-6.897,9.949,-8.850
-0.335,0.900,0.029,-10.437,15.320,-13.367
-0.314,0.831,-0.057,-8.789,26.001,-21.545
-0.340,0.778,-0.148,-11.230,30.273,-19.775
-0.352,0.769,-0.225,-14.587,26.978,-12.817
-0.343,0.762,-0.240,-11.658,18.005,-6.287
-0.365,0.791,-0.239,-10.498,8.240,1.953
-0.365,0.812,-0.216,-8.606,3.479,7.263
-0.376,0.825,-0.174,-5.615,3.601,9.277
-0.458,0.861,-0.161,-6.775,4.272,11.658
-0.490,0.872,-0.159,-6.348,5.249,9.033
-0.493,0.864,-0.122,-2.014,6.287,3.235
-0.514,0.882,-0.082,-1.099,7.019,-1.038
-0.508,0.896,-0.052,-2.808,10.132,-4.456
-0.477,0.891,-0.043,-4.089,15.564,-8.972
-0.451,0.872,-0.045,-5.005,20.813,-12.756
-0.431,0.859,-0.046,-4.456,23.804,-14.587
-0.408,0.864,-0.032,-3.418,23.926,-12.695
-0.413,0.871,-0.013,-2.502,20.569,-8.423
-0.411,0.883,0.011,0.061,16.418,-5.737
-0.407,0.886,0.034,2.991,13.428,-5.127
-0.418,0.892,0.044,4.578,11.841,-5.371
-0.424,0.899,0.053,4.272,10.254,-5.432
-0.428,0.892,0.065,2.930,8.850,-4.761
-0.406,0.909,0.066,0.061,10.071,-4.944
-0.384,0.898,0.041,-3.479,12.695,-3.906
-0.367,0.871,0.012,-4.944,13.611,-2.014
-0.362,0.868,0.005,-3.174,12.573,-0.549
-0.376,0.867,-0.000,-1.770,10.803,2.380
-0.389,0.858,0.002,-0.916,9.583,6.348
-0.403,0.864,0.022,0.183,8.728,8.972
-0.431,0.876,0.035,0.916,9.155,10.010
-0.458,0.876,0.026,0.610,10.315,9.827
-0.469,0.860,0.015,-0.549,10.986,9.949
-0.492,0.856,0.012,-1.831,10.925,10.437
-0.535,0.853,0.006,-1.770,9.827,10.559
-0.574,0.850,-0.004,-2.930,6.958,11.169
-0.600,0.848,-0.028,-4.700,2.380,13.245
-0.614,0.851,-0.039,-5.066,-1.038,13.611
-0.604,0.858,-0.043,-4.333,-1.099,10.010
-0.568,0.855,-0.048,-2.563,0.854,4.333
-0.530,0.836,-0.069,-1.404,1.892,0.671
-0.509,0.834,-0.082,-1.160,1.587,-0.244
-0.503,0.843,-0.079,0.305,1.587,-1.526
-0.494,0.855,-0.061,2.441,2.319,-3.174
-0.482,0.864,-0.026,3.113,3.845,-4.822
-0.479,0.886,0.003,2.258,5.493,-7.202
-0.438,0.881,-0.001,2.014,7.446,-10.498
-0.385,0.854,-0.026,3.052,6.592,-10.803
-0.358,0.857,-0.036,2.991,2.502,-6.165
-0.352,0.870,-0.021,3.723,-1.099,-0.854
-0.371,0.889,0.002,5.005,-2.380,3.113
-0.412,0.890,0.015,4.944,-1.465,5.371
-0.452,0.896,0.024,4.089,0.061,6.531
-0.485,0.898,0.029,3.296,0.854,6.653
-0.500,0.893,0.032,2.197,0.610,6.287
-0.499,0.886,0.029,1.160,1.709,5.066
-0.486,0.878,0.021,0.671,3.174,2.625
-0.467,0.866,0.007,0.793,3.723,0.977
-0.461,0.857,-0.013,0.183,2.747,1.892
-0.470,0.851,-0.027,-0.122,0.854,3.784
-0.478,0.861,-0.019,0.671,-0.488,4.761
-0.501,0.876,-0.003,0.916,-0.305,4.761
-0.517,0.878,0.005,1.221,0.732,3.052
-1.034,-1.298,1.048,-4.822,103.516,338.013
-1.245,-1.362,1.097,-6.409,95.581,342.529
-1.494,-1.464,1.088,-11.719,88.257,347.046
-1.813,-1.602,1.028,-18.921,79.407,349.792
-2.111,-1.747,0.849,-21.362,68.909,348.694
-2.312,-1.864,0.659,-14.465,49.255,343.811
-2.414,-1.906,0.573,-7.019,14.648,340.271
-2.422,-1.949,0.487,-4.822,-19.592,343.079
-2.541,-2.098,0.322,-5.188,-49.316,346.130
-2.796,-2.258,0.057,-4.395,-70.313,334.778
-3.006,-2.318,-0.145,8.118,-87.402,302.246
-3.151,-2.353,-0.276,26.367,-101.318,261.841
-3.254,-2.299,-0.423,34.485,-100.586,215.149
-3.218,-2.293,-0.532,36.011,-81.604,157.410
-3.269,-2.432,-0.684,47.791,-56.702,96.619
-3.200,-2.453,-0.834,66.040,-30.823,28.625
-3.084,-2.473,-0.961,83.557,-9.521,-30.090
-2.925,-2.484,-0.973,109.985,1.099,-81.970
-2.736,-2.474,-0.912,136.597,-3.479,-122.742
-2.534,-2.380,-0.708,160.767,-24.536,-152.588
-2.309,-2.258,-0.443,192.200,-48.218,-177.856
-2.130,-2.134,-0.201,221.313,-63.538,-202.454
-1.925,-1.996,0.056,244.263,-70.862,-225.281
-1.674,-1.832,0.408,266.724,-74.219,-250.244
-1.521,-1.579,0.817,282.471,-76.172,-277.588
-1.454,-1.289,1.129,285.522,-70.007,-311.279
-1.291,-1.111,1.281,282.288,-49.927,-356.506
-1.030,-0.968,1.283,270.203,-29.114,-403.320
-0.739,-0.885,1.255,256.958,-27.344,-436.890
-0.288,-0.762,1.262,253.845,-48.584,-455.017
0.262,-0.538,1.354,257.080,-90.210,-443.604
0.772,-0.215,1.497,256.897,-143.372,-401.917
1.127,0.158,1.674,251.465,-191.956,-342.712
1.270,0.567,1.837,241.577,-217.285,-283.081
1.212,0.959,1.937,223.267,-211.670,-238.525
1.003,1.257,1.933,201.355,-178.955,-220.581
0.944,1.420,1.879,180.298,-130.981,-228.455
1.000,1.456,1.696,160.400,-89.478,-238.281
1.161,1.449,1.425,143.005,-67.627,-234.314
1.363,1.453,1.212,129.578,-65.796,-213.196
1.522,1.572,1.038,120.972,-76.660,-172.729
1.404,1.359,0.970,122.192,-92.773,-116.028
1.302,1.589,0.941,119.324,-101.929,-83.313
1.074,1.596,0.855,97.168,-84.473,-61.523
0.724,1.554,0.673,67.505,-59.448,-24.780
0.510,1.564,0.622,48.950,-43.396,-8.545
0.343,1.494,0.603,45.044,-33.081,-13.306
0.266,1.453,0.542,38.208,-19.104,-18.616
0.238,1.393,0.480,26.306,-3.906,-26.428
0.162,1.279,0.382,20.264,12.756,-39.246
0.129,1.148,0.248,17.029,31.311,-50.964
0.071,1.043,0.126,12.512,38.269,-48.645
0.019,0.984,0.059,5.432,28.503,-30.640
-0.031,0.967,0.061,-0.671,10.315,-6.348
-0.066,0.957,0.121,-3.784,-4.272,11.597
-0.220,0.997,0.151,-5.981,-8.850,18.188
-0.344,0.957,0.117,-11.353,0.000,12.573
-0.360,0.858,0.035,-11.719,14.221,1.160
-0.406,0.785,-0.097,-15.808,22.095,0.000
-0.417,0.748,-0.200,-20.142,20.569,5.127
-0.433,0.739,-0.231,-17.517,15.442,9.399
-0.479,0.768,-0.230,-14.038,13.489,10.925
-0.508,0.779,-0.209,-9.338,15.808,8.118
-0.534,0.779,-0.191,-4.456,16.968,5.737
-0.568,0.788,-0.187,-3.357,13.977,7.141
-0.569,0.798,-0.168,-2.136,10.315,7.446
-0.559,0.811,-0.142,-0.488,9.033,6.104
-0.573,0.814,-0.132,-0.732,10.071,6.287
-0.587,0.808,-0.108,-1.648,12.146,5.493
-0.602,0.812,-0.071,-1.648,14.954,2.747
-0.631,0.818,-0.039,-0.916,18.433,-1.160
-0.647,0.812,-0.016,0.061,21.301,-5.310
-0.638,0.806,0.010,2.014,22.583,-9.766
-0.600,0.802,0.034,4.211,21.973,-13.733
-0.574,0.805,0.055,6.775,17.822,-15.503
-0.550,0.824,0.075,7.141,12.146,-14.038
-0.532,0.836,0.092,4.639,7.568,-11.108
-0.507,0.858,0.103,2.991,5.859,-9.949
-0.490,0.865,0.111,2.380,6.470,-11.230
-0.464,0.869,0.099,1.099,9.521,-13.000
-0.433,0.852,0.073,0.122,11.292,-13.672
-0.415,0.843,0.055,-0.488,10.376,-10.986
-0.413,0.844,0.052,-1.160,8.667,-6.470
-0.426,0.836,0.050,-0.977,8.118,-2.869
-0.454,0.825,0.042,-0.610,7.874,-0.183
-0.469,0.820,0.051,0.000,6.165,1.953
-0.475,0.840,0.073,-0.305,2.930,4.883
-0.481,0.845,0.080,-1.770,1.343,7.507
-0.498,0.841,0.064,-2.441,3.113,8.179
-0.534,0.821,0.046,-2.197,5.127,6.897
-0.581,0.815,0.025,-1.953,4.944,6.592
-0.603,0.820,0.016,-1.648,2.625,7.629
-0.606,0.832,0.016,-1.709,0.000,8.606
-0.607,0.842,0.021,-1.770,-0.916,7.935
-0.605,0.846,0.022,-1.038,1.282,4.700
-0.594,0.830,0.018,-0.061,4.395,0.305
-0.589,0.827,-0.004,0.183,3.967,-1.953
-0.575,0.831,-0.001,0.793,-1.404,-0.977
-0.536,0.846,0.004,-0.183,-6.531,1.892
-0.525,0.860,0.004,-0.732,-7.324,3.174
-0.528,0.859,0.001,0.061,-3.601,0.854
-0.533,0.843,0.013,1.831,0.732,-2.197
-0.546,0.857,0.035,2.014,1.892,-3.723
-0.533,0.865,0.038,0.610,1.221,-4.150
-0.491,0.847,0.016,-0.061,1.221,-4.395
-0.459,0.840,0.002,-0.488,1.709,-3.784
-0.446,0.847,0.001,-0.427,3.235,-2.930
-0.450,0.845,0.019,0.854,5.920,-2.869
-0.484,0.851,0.031,1.465,7.080,-2.686
-0.490,0.856,0.032,1.648,5.920,-2.136
-0.470,0.856,0.039,0.916,2.991,0.061
-0.465,0.869,0.037,-0.366,1.587,2.441
-0.463,0.860,0.028,0.183,3.052,2.625
-0.488,0.846,0.023,0.854,3.967,3.174
-0.534,0.849,0.018,0.854,2.197,5.066
-0.550,0.852,0.028,0.732,-1.038,6.897
-0.543,0.854,0.041,-0.305,-3.113,7.874
-0.553,0.858,0.041,-1.160,-4.089,7.629
-0.558,0.851,0.019,-1.587,-3.540,5.981
-0.833,-0.928,1.049,-7.324,90.027,273.376
-0.828,-1.076,1.043,-13.733,96.924,281.250
-0.890,-1.271,0.994,-16.541,104.492,295.471
-1.074,-1.543,0.967,-14.526,106.506,311.890
-1.357,-1.865,0.885,-12.512,101.807,330.261
-1.616,-2.057,0.842,-3.235,83.557,346.313
-2.034,-2.295,0.753,11.414,46.509,359.375
-2.505,-2.408,0.589,23.804,-0.427,360.779
-2.777,-2.431,0.432,40.771,-50.537,348.511
-2.857,-2.392,0.266,58.472,-105.042,332.642
-2.763,-2.288,0.185,66.040,-144.348,306.824
-2.646,-2.217,0.112,66.406,-149.902,267.090
-2.746,-2.248,-0.012,64.392,-116.089,210.083
-2.810,-2.381,-0.248,59.631,-47.485,126.526
-3.146,-2.605,-0.600,58.167,26.917,29.358
-3.215,-2.658,-0.826,70.374,66.956,-49.622
-3.217,-2.857,-0.974,108.887,74.219,-113.586
-3.031,-2.912,-0.874,149.292,50.293,-162.720
-2.868,-2.854,-0.607,185.364,4.822,-195.251
-2.686,-2.763,-0.322,211.975,-37.476,-218.506
-2.499,-2.546,-0.053,237.610,-64.575,-241.211
-2.379,-2.303,0.192,261.902,-79.773,-269.043
-2.286,-2.136,0.453,278.809,-85.266,-301.453
-2.114,-2.010,0.839,288.879,-88.806,-339.050
-1.920,-1.726,1.321,296.631,-94.666,-383.972
-1.706,-1.403,1.828,300.964,-88.806,-443.298
-1.391,-1.225,2.205,297.180,-62.561,-521.301
-0.844,-1.125,2.327,276.917,-31.189,-594.543
-0.003,-0.981,2.371,248.657,-30.212,-635.559
0.968,-0.735,2.471,239.563,-87.341,-620.911
1.822,-0.209,2.554,229.004,-184.570,-544.678
2.359,0.520,2.542,212.463,-279.785,-427.185
2.587,1.169,2.391,196.594,-328.064,-308.167
2.570,1.575,2.142,184.021,-317.383,-220.703
2.353,1.715,1.866,166.870,-263.855,-174.133
2.025,1.817,1.611,143.311,-193.665,-159.912
1.679,1.817,1.393,127.869,-131.226,-158.875
1.459,1.735,1.217,114.136,-90.942,-152.832
1.355,1.676,1.050,98.633,-70.679,-138.306
1.319,1.675,0.902,88.318,-65.491,-121.155
1.214,1.554,0.774,82.886,-69.275,-95.398
1.050,1.541,0.711,78.247,-74.036,-75.928
0.926,1.466,0.581,66.284,-56.946,-68.970
0.640,1.358,0.314,34.119,-36.255,-21.973
0.391,1.326,0.201,9.949,-37.170,17.090
0.175,1.241,0.181,11.719,-47.913,29.419
0.011,1.231,0.190,20.203,-54.932,35.278
-0.098,1.196,0.189,16.418,-50.659,32.654
-0.215,1.110,0.203,16.235,-32.654,12.329
-0.314,1.039,0.172,20.386,-5.188,-16.602
-0.365,0.937,0.129,15.686,20.142,-37.903
-0.364,0.875,0.095,7.507,31.982,-46.570
-0.239,0.837,0.085,3.174,29.358,-47.302
-0.250,0.861,0.008,-2.563,18.738,-38.635
-0.207,0.830,-0.039,-9.705,15.198,-34.546
-0.159,0.785,-0.073,-2.502,17.090,-36.316
-0.181,0.774,-0.152,-3.540,16.724,-27.588
-0.214,0.752,-0.206,-7.874,12.024,-13.306
-0.253,0.745,-0.218,-7.935,6.714,-2.686
-0.288,0.776,-0.210,-6.897,1.709,3.540
-0.296,0.797,-0.180,-4.822,-0.793,6.836
-0.310,0.822,-0.152,-3.662,1.709,8.240
-0.337,0.848,-0.131,-2.075,8.911,5.798
-0.349,0.856,-0.079,3.235,17.456,-1.160
-0.399,0.876,-0.047,5.676,22.644,-5.737
-0.436,0.879,-0.037,3.357,23.804,-4.517
-0.457,0.873,-0.011,0.000,24.048,-2.380
-0.477,0.879,0.019,-1.892,23.132,-0.916
-0.498,0.893,0.058,-1.465,18.921,0.427
-0.536,0.915,0.091,-0.793,10.681,3.784
-0.584,0.920,0.100,-2.075,2.441,8.057
-0.587,0.912,0.099,-2.869,-0.549,7.507
-0.555,0.898,0.085,-1.831,1.709,-0.305
-0.519,0.885,0.057,-1.892,6.470,-9.399
-0.477,0.870,0.012,-3.479,12.695,-16.479
-0.438,0.852,-0.026,-3.540,19.287,-22.156
-0.404,0.823,-0.042,-2.014,23.865,-24.719
-0.367,0.824,-0.040,-0.549,24.536,-23.376
-0.332,0.833,-0.010,1.831,20.874,-19.653
-0.313,0.851,0.019,2.502,16.052,-13.306
-0.315,0.858,0.033,1.953,12.756,-6.042
-0.338,0.851,0.041,0.549,10.071,1.404
-0.381,0.844,0.042,-0.854,7.141,8.301
-0.423,0.835,0.030,-1.587,5.066,13.306
-0.468,0.822,0.025,-1.465,3.357,16.602
-0.505,0.817,0.014,-2.014,2.319,19.348
-0.530,0.816,0.030,-2.563,1.709,21.301
-0.551,0.820,0.041,-3.357,2.625,21.973
-0.564,0.823,0.053,-2.441,4.456,20.020
-0.590,0.826,0.055,-1.099,6.042,16.235
-0.606,0.836,0.069,0.000,6.348,12.512
-0.622,0.844,0.075,0.061,5.615,9.399
-0.624,0.843,0.063,-0.366,5.981,6.531
-0.606,0.826,0.042,-1.099,8.667,2.686
-0.598,0.811,0.019,-0.916,11.414,-1.221
-0.576,0.810,0.016,-0.244,11.536,-4.028
-0.544,0.812,0.022,1.953,8.484,-4.944
-0.502,0.824,0.030,2.747,5.859,-4.578
-0.479,0.834,0.042,2.625,5.188,-4.150
-0.477,0.837,0.029,2.808,5.981,-4.211
-0.463,0.826,0.022,4.272,6.531,-4.578
-0.464,0.831,0.025,4.517,5.920,-3.845
-0.470,0.837,0.024,4.028,6.104,-2.502
-0.457,0.848,0.031,4.578,7.263,-2.930
-0.449,0.852,0.038,5.554,8.789,-3.601
-0.446,0.859,0.052,5.188,11.230,-3.967
-0.447,0.865,0.066,4.639,13.794,-4.150
-0.454,0.864,0.070,4.700,14.526,-3.479
-0.453,0.863,0.072,4.211,12.512,-0.916
-0.458,0.863,0.080,3.296,9.338,3.174
-0.486,0.874,0.085,2.563,6.592,6.226
-0.515,0.884,0.082,2.258,4.578,8.240
-0.541,0.880,0.076,1.343,2.686,10.315
-0.569,0.878,0.071,-0.061,0.977,11.658
-0.585,0.878,0.071,-0.549,-0.977,11.414
-0.592,0.879,0.064,-1.404,-2.930,10.925
-0.586,0.869,0.055,-2.686,-3.418,10.010
-0.593,0.863,0.038,-3.357,-2.747,8.423
-0.606,0.859,0.024,-3.845,-1.526,5.920
-1.097,-2.173,0.992,69.458,182.678,403.137
-1.664,-2.194,1.214,78.430,139.221,428.101
-2.086,-2.122,1.445,81.055,87.646,453.796
-2.452,-2.103,1.587,74.402,44.800,467.407
-2.815,-2.160,1.504,61.768,24.597,461.792
-3.036,-2.142,1.375,58.167,14.709,430.481
-3.273,-2.247,1.197,60.303,10.742,387.695
-3.645,-2.352,0.853,53.772,16.541,340.576
-3.917,-2.331,0.535,54.260,19.348,285.156
-3.929,-2.281,0.401,71.533,11.353,215.149
-3.778,-2.233,0.383,94.421,1.648,143.066
-3.628,-2.178,0.420,112.671,-4.944,79.285
-3.610,-2.107,0.443,122.253,-6.592,19.531
-3.578,-2.033,0.458,132.996,-7.935,-41.138
-3.542,-2.137,0.491,152.283,-15.259,-98.389
-3.410,-2.086,0.436,164.612,-28.809,-142.029
-3.259,-2.001,0.431,163.025,-59.509,-161.499
-3.154,-1.887,0.568,183.411,-111.389,-180.908
-2.990,-1.733,0.841,208.740,-155.212,-207.703
-2.770,-1.487,1.096,222.656,-181.458,-237.244
-2.562,-1.254,1.349,230.225,-194.214,-269.287
-2.337,-0.954,1.691,234.558,-189.148,-315.796
-2.082,-0.677,2.022,221.924,-175.842,-375.854
-1.818,-0.480,2.338,196.472,-166.077,-440.857
-1.330,-0.399,2.453,171.936,-153.870,-510.132
-0.747,-0.487,2.372,155.640,-147.095,-573.792
-0.013,-0.568,2.109,134.949,-161.316,-605.652
0.854,-0.653,1.829,127.625,-202.271,-596.130
1.830,-0.506,1.570,121.704,-259.460,-545.044
2.702,-0.162,1.253,113.220,-312.500,-461.609
3.213,0.244,0.930,113.586,-341.553,-363.098
3.292,0.609,0.717,121.826,-334.351,-270.630
2.966,0.873,0.656,131.042,-294.739,-204.041
2.365,1.109,0.650,136.047,-234.558,-171.143
1.882,1.206,0.688,136.658,-170.044,-167.969
1.653,1.251,0.670,130.798,-115.356,-171.875
1.695,1.259,0.544,112.061,-81.543,-163.818
1.827,1.298,0.363,98.816,-72.693,-140.076
1.727,1.170,0.222,93.140,-78.003,-102.966
1.604,1.177,0.152,82.336,-79.468,-78.430
1.313,1.172,0.109,70.068,-66.528,-48.706
1.003,1.195,0.074,54.138,-36.255,-26.611
0.695,1.176,0.060,41.016,-6.592,-9.949
0.428,1.150,0.091,37.964,4.517,4.150
0.195,1.137,0.151,40.710,-1.038,14.465
0.044,1.152,0.229,42.725,-10.376,17.090
-0.055,1.169,0.317,41.748,-15.137,11.047
-0.142,1.136,0.347,39.124,-10.742,-0.793
-0.189,1.066,0.318,36.133,-0.610,-13.733
-0.254,0.955,0.300,29.541,6.226,-19.592
-0.175,1.032,0.198,13.794,8.667,-19.653
-0.170,0.952,0.122,-4.395,14.343,-12.939
-0.186,0.891,-0.012,-10.010,13.000,-1.404
-0.174,0.871,-0.056,-9.094,9.338,0.427
-0.182,0.871,-0.098,-7.019,6.348,4.944
-0.213,0.874,-0.140,-6.775,6.958,8.850
-0.225,0.859,-0.187,-5.127,12.817,7.385
-0.225,0.842,-0.221,-0.793,19.409,5.310
-0.265,0.866,-0.219,1.892,21.423,6.714
-0.340,0.886,-0.184,1.282,20.691,10.376
-0.391,0.920,-0.141,-0.977,19.958,12.817
-0.451,0.938,-0.115,-2.502,18.799,14.343
-0.497,0.946,-0.114,-3.296,17.212,13.245
-0.510,0.945,-0.117,-2.747,13.916,11.353
-0.515,0.950,-0.117,-2.686,8.667,12.573
-0.531,0.963,-0.112,-3.723,4.028,14.404
-0.556,0.973,-0.092,-2.808,2.747,12.512
-0.567,0.976,-0.072,-1.587,5.310,6.653
-0.569,0.967,-0.065,-1.526,10.071,-0.488
-0.528,0.954,-0.055,-2.014,16.785,-7.080
-0.460,0.950,-0.027,-1.953,23.315,-13.489
-0.403,0.958,0.010,-2.319,27.710,-17.334
-0.356,0.960,0.010,-3.357,31.006,-18.799
-0.287,0.930,-0.003,-3.235,33.020,-18.616
-0.275,0.905,-0.014,-2.380,29.724,-14.160
-0.301,0.904,-0.014,-2.014,22.827,-6.042
-0.320,0.905,0.002,-0.549,15.564,1.221
-0.369,0.897,0.019,0.977,9.766,7.446
-0.425,0.897,0.010,1.343,5.981,11.963
-0.460,0.879,0.008,1.343,4.028,13.489
-0.492,0.876,0.002,0.366,2.441,15.076
-0.503,0.863,-0.010,-0.793,1.770,15.259
-0.501,0.849,-0.022,-1.831,2.380,14.465
-0.513,0.841,-0.025,-2.380,2.747,14.221
-0.528,0.849,-0.021,-2.930,3.174,14.587
-0.539,0.852,-0.010,-3.235,3.845,13.489
-0.562,0.854,-0.018,-3.296,4.822,11.108
-0.582,0.839,-0.033,-2.808,5.554,7.324
-0.575,0.843,-0.044,-1.892,4.639,3.052
-0.529,0.852,-0.042,-1.038,2.869,-0.183
-0.484,0.860,-0.045,-1.221,2.747,-2.075
-0.457,0.859,-0.049,-0.427,4.761,-4.822
-0.446,0.853,-0.058,1.160,7.629,-7.996
-0.454,0.849,-0.078,2.014,6.897,-8.728
-0.451,0.855,-0.065,1.160,2.502,-5.981
-0.429,0.874,-0.051,0.183,-1.587,-3.357
-0.402,0.874,-0.048,0.793,-2.380,-3.113
-0.397,0.875,-0.051,1.038,-1.587,-3.540
-0.402,0.863,-0.063,0.916,-1.038,-2.686
-0.391,0.861,-0.063,1.221,-1.587,-1.160
-0.390,0.873,-0.055,1.526,-2.502,0.916
-0.382,0.873,-0.048,2.136,-1.343,1.526
-0.381,0.875,-0.045,3.235,1.038,0.427
-0.404,0.879,-0.043,4.211,2.686,0.061
-0.422,0.878,-0.044,4.517,2.930,0.854
-0.433,0.871,-0.043,4.456,1.892,2.136
-0.427,0.877,-0.028,4.517,0.549,2.319
-0.440,0.893,-0.025,4.395,-1.221,2.686
-0.447,0.888,-0.038,3.418,-2.380,3.601
-0.447,0.887,-0.046,2.441,-2.563,3.784
-0.469,0.883,-0.064,2.625,-2.319,3.418
-0.461,0.868,-0.079,3.662,-1.831,2.441
-0.445,0.877,-0.074,4.639,-2.441,2.136
-0.439,0.888,-0.060,5.066,-2.380,2.380
-0.427,0.887,-0.045,5.676,-0.122,1.404
-0.419,0.891,-0.022,5.737,1.221,0.244
-0.430,0.910,-0.014,5.005,-0.183,0.305
-0.408,0.906,-0.018,2.502,-1.953,1.587
-0.386,0.902,-0.029,0.854,-2.441,2.563
-1.121,-1.151,1.028,34.119,144.714,347.717
-1.284,-1.235,1.093,39.307,123.108,356.201
-1.386,-1.352,1.138,41.077,101.563,365.234
-1.420,-1.508,1.169,36.194,87.524,376.282
-1.507,-1.721,1.144,29.968,84.595,386.230
-1.899,-2.010,0.966,27.710,85.205,390.381
-2.446,-2.247,0.647,33.508,78.674,377.869
-2.797,-2.339,0.404,57.495,55.298,345.886
-2.982,-2.436,0.305,95.093,16.602,308.777
-3.179,-2.491,0.242,124.939,-30.151,273.010
-3.276,-2.465,0.316,150.269,-72.632,233.459
-3.388,-2.392,0.455,172.058,-113.342,190.063
-3.457,-2.257,0.557,170.654,-124.878,135.620
-3.402,-2.195,0.541,166.931,-104.126,65.247
-3.245,-2.195,0.446,165.588,-58.655,-18.921
-3.025,-2.226,0.337,164.856,-12.207,-107.361
-2.755,-2.223,0.261,169.495,19.836,-187.195
-2.478,-2.180,0.260,179.993,30.396,-247.803
-2.199,-2.100,0.389,190.369,21.484,-285.767
-1.957,-1.968,0.573,196.655,0.793,-306.702
-1.753,-1.746,0.875,209.473,-27.466,-320.374
-1.648,-1.558,1.095,224.060,-51.941,-336.243
-1.517,-1.261,1.355,219.788,-75.745,-353.821
-1.516,-0.928,1.617,203.491,-102.112,-369.385
-1.483,-0.686,1.740,186.035,-118.713,-398.743
-1.384,-0.492,1.814,164.307,-119.934,-437.317
-1.050,-0.568,1.746,143.616,-113.342,-486.389
-0.535,-0.695,1.609,130.127,-116.211,-524.658
-0.009,-0.667,1.491,122.253,-145.325,-535.522
0.479,-0.595,1.494,122.314,-198.608,-513.733
1.089,-0.318,1.538,132.935,-250.000,-470.520
1.393,0.017,1.693,134.216,-297.302,-416.809
1.725,0.580,1.719,119.019,-318.481,-351.501
1.961,0.919,1.663,122.742,-313.354,-293.152
2.123,1.169,1.491,122.192,-283.997,-247.437
2.149,1.309,1.255,112.427,-244.141,-205.017
2.008,1.394,1.060,101.807,-205.688,-166.321
1.741,1.461,0.913,91.003,-172.424,-133.972
1.435,1.469,0.774,81.177,-140.991,-112.366
1.176,1.436,0.664,72.327,-112.244,-100.403
0.977,1.376,0.535,64.453,-89.355,-92.468
0.841,1.351,0.432,55.725,-70.557,-87.036
0.725,1.314,0.343,44.312,-50.903,-85.083
0.621,1.243,0.243,32.898,-29.724,-83.130
0.561,1.160,0.131,24.597,-13.245,-76.355
0.477,1.098,0.048,17.639,-8.179,-60.120
0.327,1.057,0.002,10.132,-13.306,-36.133
0.195,1.032,-0.020,7.141,-23.865,-14.160
0.089,1.013,-0.013,8.728,-35.339,-0.305
-0.022,1.016,0.009,9.277,-42.725,6.653
-0.115,0.993,-0.009,8.911,-41.504,5.066
-0.166,0.938,-0.046,12.329,-32.776,-5.310
-0.186,0.899,-0.084,13.123,-21.057,-17.212
-0.345,0.822,-0.062,9.277,-10.620,-23.743
-0.169,0.864,-0.122,0.244,7.080,-33.508
-0.152,0.795,-0.239,-3.357,22.095,-35.767
-0.130,0.749,-0.287,-0.122,23.621,-31.067
-0.183,0.789,-0.307,5.066,16.235,-25.879
-0.222,0.786,-0.272,9.460,8.423,-14.282
-0.280,0.821,-0.233,9.155,0.183,1.892
-0.339,0.859,-0.177,7.263,-4.333,12.390
-0.385,0.897,-0.122,6.897,-4.883,15.198
-0.420,0.914,-0.100,5.554,-0.732,11.719
-0.437,0.891,-0.117,3.784,7.202,6.409
-0.456,0.862,-0.139,2.197,12.878,2.808
-0.476,0.848,-0.150,1.709,13.672,1.892
-0.460,0.851,-0.130,2.747,11.719,2.197
-0.449,0.870,-0.088,4.272,7.263,3.723
-0.465,0.888,-0.054,5.127,3.662,5.737
-0.467,0.897,-0.027,5.981,4.089,4.578
-0.488,0.901,-0.011,7.202,6.409,0.854
-0.502,0.915,0.005,6.897,8.667,-3.235
-0.497,0.918,0.012,5.005,11.597,-6.226
-0.465,0.903,0.006,3.052,14.587,-9.460
-0.428,0.897,0.002,1.648,17.395,-12.329
-0.398,0.888,-0.015,0.977,19.775,-14.648
-0.348,0.870,-0.027,2.930,20.508,-15.137
-0.314,0.862,-0.026,5.005,18.127,-11.963
-0.295,0.863,-0.011,6.897,13.916,-6.042
-0.321,0.878,0.014,8.545,7.874,1.831
-0.383,0.887,0.029,8.057,2.441,10.376
-0.421,0.890,0.038,7.385,-0.427,15.991
-0.470,0.885,0.027,6.714,-0.427,17.944
-0.519,0.867,0.007,5.737,1.282,16.663
-0.543,0.879,0.019,5.432,1.831,14.160
-0.555,0.898,0.033,4.883,2.075,12.512
-0.536,0.910,0.027,3.601,5.310,8.667
-0.553,0.895,0.004,3.235,10.193,4.089
-0.562,0.883,-0.013,4.150,13.794,0.122
-0.562,0.883,0.009,4.578,11.780,-2.197
-0.553,0.903,0.039,3.052,5.737,0.122
-0.531,0.921,0.053,0.549,1.282,2.014
-0.495,0.920,0.033,-0.854,1.831,0.366
-0.482,0.895,-0.005,-1.282,5.798,-2.869
-0.475,0.867,-0.027,-0.610,9.033,-5.005
-0.494,0.854,-0.032,0.000,8.667,-4.883
-0.515,0.859,-0.036,0.610,3.906,-3.296
-0.494,0.860,-0.028,-0.305,-2.930,0.183
-0.470,0.872,-0.023,-1.770,-7.507,4.272
-0.443,0.878,-0.026,-1.648,-6.775,3.540
-0.431,0.867,-0.037,-0.183,-1.831,0.305
-0.427,0.856,-0.048,1.282,3.601,-2.502
-0.407,0.845,-0.052,3.357,6.653,-3.540
-0.391,0.851,-0.019,4.700,6.714,-1.709
-0.419,0.882,0.025,3.845,5.249,1.160
-0.439,0.890,0.035,3.479,4.211,1.465
-0.444,0.874,0.018,3.113,3.479,1.587
-0.456,0.866,-0.006,1.709,1.709,3.906
-0.461,0.860,-0.012,1.648,0.366,5.371
-0.460,0.862,-0.004,2.441,0.549,5.310
-0.471,0.867,0.003,2.747,1.526,4.333
-0.479,0.871,0.001,2.808,2.991,3.113
-0.506,0.863,-0.013,2.380,4.272,2.319
-0.523,0.852,-0.027,2.319,4.089,1.587
-0.520,0.855,-0.022,2.686,2.075,1.770
-0.521,0.868,-0.015,1.953,0.000,2.808
-0.505,0.867,-0.009,1.465,0.122,2.014
-0.486,0.865,-0.014,1.465,1.892,-0.366
-0.475,0.864,-0.018,1.038,3.235,-1.648
-1.333,-2.076,0.549,-22.705,102.356,404.785
-1.583,-2.167,0.644,-22.522,91.492,413.940
-1.790,-2.319,0.639,-25.208,89.233,412.598
-2.096,-2.575,0.448,-33.386,98.816,403.503
-2.476,-2.749,0.190,-34.363,108.215,379.211
-2.870,-2.814,-0.046,-21.667,107.544,336.914
-3.276,-2.828,-0.285,2.075,95.276,282.043
-3.524,-2.828,-0.417,35.950,71.533,219.421
-3.632,-2.781,-0.486,74.585,38.452,153.503
-3.594,-2.710,-0.432,109.680,4.578,90.515
-3.376,-2.637,-0.300,140.259,-23.010,34.363
-3.166,-2.402,-0.134,168.518,-31.494,-13.855
-3.126,-2.564,-0.141,190.063,-17.273,-70.862
-2.974,-2.418,-0.205,187.317,2.380,-127.686
-2.835,-2.561,-0.167,197.571,0.671,-152.222
-2.666,-2.367,0.135,231.262,-23.804,-182.190
-2.475,-2.163,0.486,266.663,-58.594,-214.050
-2.286,-1.815,0.979,277.222,-83.496,-238.037
-2.142,-1.499,1.389,274.414,-93.140,-271.606
-2.135,-1.111,1.672,258.301,-90.820,-324.036
-2.098,-0.866,1.840,240.295,-88.989,-388.550
-1.824,-0.732,1.913,211.853,-72.876,-460.449
-1.331,-0.778,1.915,187.012,-57.617,-537.598
-0.655,-0.703,1.871,179.749,-65.918,-599.670
0.140,-0.832,1.827,171.448,-108.154,-616.516
0.893,-0.605,1.840,174.805,-166.565,-588.440
1.274,-0.250,1.882,158.569,-225.708,-527.222
1.715,0.043,1.751,160.889,-250.916,-458.435
1.936,0.303,1.542,146.851,-256.287,-402.588
1.952,0.654,1.373,127.991,-245.300,-341.003
1.923,0.790,1.262,140.320,-231.689,-291.809
1.799,0.979,1.273,139.282,-224.670,-248.169
1.564,1.215,1.253,117.493,-218.201,-203.979
1.430,1.328,1.209,99.976,-192.871,-179.504
1.377,1.410,1.032,83.984,-146.545,-187.134
1.327,1.361,0.834,72.083,-84.412,-217.651
1.408,1.111,0.473,64.636,-7.935,-259.277
1.573,0.949,0.042,49.927,54.321,-264.099
1.742,0.863,-0.285,43.518,62.866,-215.332
1.847,0.790,-0.413,41.626,28.870,-137.390
1.720,0.894,-0.290,42.969,-26.123,-41.077
1.396,1.120,-0.025,44.556,-74.829,37.964
1.002,1.237,0.251,49.622,-92.346,76.660
0.450,1.252,0.462,54.382,-81.299,80.261
0.134,1.307,0.490,52.063,-40.833,55.359
-0.090,1.146,0.370,39.001,9.949,31.494
-0.247,0.979,0.157,16.235,38.208,26.917
-0.451,0.920,-0.008,4.089,41.931,21.484
-0.464,0.872,-0.035,4.028,40.222,12.268
-0.352,0.828,-0.085,6.042,37.964,4.700
-0.336,0.805,-0.128,4.944,30.212,13.672
-0.398,0.834,-0.153,0.488,17.151,27.954
-0.477,0.854,-0.152,1.465,5.188,33.875
-0.527,0.888,-0.122,2.136,-3.784,37.048
-0.581,0.926,-0.095,-1.953,-8.667,39.429
-0.605,0.963,-0.075,-5.615,-7.507,35.522
-0.596,0.990,-0.088,-7.080,-0.488,22.156
-0.541,0.959,-0.138,-4.944,11.475,3.967
-0.506,0.891,-0.211,-2.441,22.522,-9.766
-0.481,0.858,-0.250,-0.854,26.794,-15.015
-0.451,0.854,-0.239,1.709,24.292,-14.038
-0.411,0.861,-0.174,5.249,19.897,-10.864
-0.399,0.891,-0.083,6.836,17.456,-7.690
-0.396,0.923,-0.023,6.897,15.808,-5.676
-0.392,0.929,-0.003,6.470,12.085,-2.563
-0.390,0.932,-0.002,5.432,5.859,2.380
-0.389,0.933,0.011,6.348,2.075,3.906
-0.410,0.938,0.027,8.606,2.441,0.916
-0.412,0.927,0.051,9.827,4.456,-3.418
-0.403,0.950,0.057,9.155,6.042,-7.019
-0.369,0.945,0.036,5.615,10.620,-8.179
-0.364,0.926,-0.002,1.892,15.320,-6.287
-0.381,0.901,-0.026,1.282,18.433,-5.249
-0.375,0.886,-0.039,1.770,17.761,-3.479
-0.367,0.896,-0.025,1.404,11.292,3.113
-0.370,0.917,0.002,0.854,4.517,9.949
-0.373,0.918,0.008,1.404,4.761,11.963
-0.387,0.906,-0.003,1.770,10.010,10.620
-0.410,0.886,0.005,2.441,15.686,7.874
-0.435,0.882,0.028,3.174,16.113,6.348
-0.462,0.898,0.043,1.343,9.888,9.583
-0.456,0.905,0.043,-1.465,3.113,14.160
-0.454,0.904,0.030,-2.686,0.183,16.235
-0.466,0.897,0.010,-2.747,1.892,14.954
-0.482,0.895,0.007,-1.587,6.714,11.292
-0.498,0.884,0.007,-0.244,10.132,6.775
-0.510,0.881,0.012,0.610,7.141,6.104
-0.496,0.895,0.022,-0.732,0.854,8.728
-0.479,0.904,0.021,-2.014,-2.380,10.193
-0.476,0.904,0.014,-2.014,-0.366,8.057
-0.476,0.894,0.013,-0.854,4.761,3.418
-0.481,0.897,0.024,-0.671,9.216,-1.282
-0.481,0.901,0.025,-0.977,10.376,-3.967
-0.467,0.898,0.008,-2.197,9.094,-4.089
-0.451,0.892,-0.003,-2.686,7.629,-4.333
-0.423,0.890,-0.006,-1.404,8.606,-6.531
-0.402,0.879,-0.016,0.244,11.353,-8.789
-0.379,0.868,-0.029,2.136,13.306,-10.193
-0.344,0.851,-0.030,4.333,10.681,-8.728
-0.319,0.856,-0.025,4.822,3.357,-1.831
-0.347,0.883,-0.009,2.502,-4.944,8.911
-0.381,0.906,0.021,1.526,-8.728,15.869
-0.420,0.918,0.036,0.610,-7.568,17.578
-0.463,0.906,0.017,-0.610,-4.211,15.442
-0.473,0.904,0.005,-0.916,-1.221,11.353
-0.478,0.900,-0.000,-1.038,0.549,8.179
-0.464,0.901,-0.005,-1.953,2.747,5.310
-0.457,0.892,-0.016,-1.770,6.042,2.441
-0.464,0.883,-0.024,-0.854,8.850,0.610
-0.479,0.862,-0.037,-0.854,9.583,0.549
-0.488,0.865,-0.028,-0.305,6.348,2.136
-0.485,0.878,-0.014,-0.854,0.854,5.310
-0.475,0.880,-0.015,-2.075,-3.418,7.996
-0.466,0.869,-0.034,-2.869,-4.761,8.850
-0.454,0.855,-0.054,-2.747,-4.333,7.812
-0.426,0.849,-0.057,-1.892,-2.808,5.798
-0.379,0.847,-0.060,-1.160,-0.916,3.662
-0.316,0.845,-0.064,-0.244,1.221,2.319
-0.252,0.844,-0.072,0.793,3.967,1.831
